provider_symbol,source_exchange,master_id,source_name,agrud_ticker,agrud_exchange_name,exchange_id,,security_type_id,provider_id
NCM AU,ASX,129294,CFRA,NCM,AU,118,Not Maintained,4,15
NAB AU,ASX,129279,CFRA,NAB,AU,118,Not Maintained,4,15
RHC AU,ASX,129573,CFRA,RHC,AU,118,Not Maintained,4,15
ANZ AU,ASX,128223,CFRA,ANZ,AU,118,Not Maintained,4,15
MQG AU,ASX,129234,CFRA,MQG,AU,118,Not Maintained,4,15
STO AU,ASX,129742,CFRA,STO,AU,118,Not Maintained,4,15
S32 AU,ASX,129623,CFRA,S32,AU,118,Not Maintained,4,15
WPL AU,ASX,129964,CFRA,WPL,AU,118,Not Maintained,4,15
ORG AU,ASX,129393,CFRA,ORG,AU,118,Not Maintained,4,15
TLS AU,ASX,129803,CFRA,TLS,AU,118,Not Maintained,4,15
APA AU,ASX,128233,CFRA,APA,AU,118,Not Maintained,4,15
CSL AU,ASX,128570,CFRA,CSL,AU,118,Not Maintained,4,15
WBC AU,ASX,129923,CFRA,WBC,AU,118,Not Maintained,4,15
SHL AU,ASX,129667,CFRA,SHL,AU,118,Not Maintained,4,15
TCL AU,ASX,129776,CFRA,TCL,AU,118,Not Maintained,4,15
COL AU,ASX,128550,CFRA,COL,AU,118,Not Maintained,4,15
WOW AU,ASX,129963,CFRA,WOW,AU,118,Not Maintained,4,15
EVN AU,ASX,128748,CFRA,EVN,AU,118,Not Maintained,4,15
COH AU,ASX,128548,CFRA,COH,AU,118,Not Maintained,4,15
AGL AU,ASX,128159,CFRA,AGL,AU,118,Not Maintained,4,15
WES AU,ASX,129937,CFRA,WES,AU,118,Not Maintained,4,15
CBA AU,ASX,128456,CFRA,CBA,AU,118,Not Maintained,4,15
TWE AU,ASX,129856,CFRA,TWE,AU,118,Not Maintained,4,15
K,TSX,80538,CFRA,K,TO,24,Not Maintained,4,15
AEM,TSX,80508,CFRA,AEM,TO,24,Not Maintained,4,15
ARX,TSX,86051,CFRA,ARX,TO,24,Not Maintained,4,15
WPM,TSX,80563,CFRA,WPM,TO,24,Not Maintained,4,15
SNC,TSX,80552,CFRA,SNC,TO,24,Not Maintained,4,15
ATD.B,TSX,86058,CFRA,ATD-B,TO,24,Not Maintained,4,15
ENB,TSX,80530,CFRA,ENB,TO,24,Not Maintained,4,15
BAM.A,TSX,86071,CFRA,BAM-A,TO,24,Not Maintained,4,15
FM,TSX,80531,CFRA,FM,TO,24,Not Maintained,4,15
GIL,TSX,80535,CFRA,GIL,TO,24,Not Maintained,4,15
KL,TSX,80539,CFRA,KL,TO,24,Not Maintained,4,15
GIB.A,TSX,86290,CFRA,GIB-A,TO,24,Not Maintained,4,15
PPL,TSX,80547,CFRA,PPL,TO,24,Not Maintained,4,15
SLF,TSX,80555,CFRA,SLF,TO,24,Not Maintained,4,15
IMO,TSX,80536,CFRA,IMO,TO,24,Not Maintained,4,15
WEED,TSX,80525,CFRA,WEED,TO,24,Not Maintained,4,15
CCL.B,TSX,86110,CFRA,CCL-B,TO,24,Not Maintained,4,15
CSU,TSX,80527,CFRA,CSU,TO,24,Not Maintained,4,15
WN,TSX,80534,CFRA,WN,TO,24,Not Maintained,4,15
CPG,TSX,86150,CFRA,CPG,TO,24,Not Maintained,4,15
DOL,TSX,80528,CFRA,DOL,TO,24,Not Maintained,4,15
QSR,TSX,80549,CFRA,QSR,TO,24,Not Maintained,4,15
CTC.A,TSX,86168,CFRA,CTC-A,TO,24,Not Maintained,4,15
L,TSX,80540,CFRA,L,TO,24,Not Maintained,4,15
SAP,TSX,80553,CFRA,SAP,TO,24,Not Maintained,4,15
SJR.B,TSX,86574,CFRA,SJR-B,TO,24,Not Maintained,4,15
CCO,TSX,80519,CFRA,CCO,TO,24,Not Maintained,4,15
EMA,TSX,80529,CFRA,EMA,TO,24,Not Maintained,4,15
FNV,TSX,80533,CFRA,FNV,TO,24,Not Maintained,4,15
NA,TSX,80544,CFRA,NA,TO,24,Not Maintained,4,15
POW,TSX,80548,CFRA,POW,TO,24,Not Maintained,4,15
FTS,TSX,80532,CFRA,FTS,TO,24,Not Maintained,4,15
MRU,TSX,80543,CFRA,MRU,TO,24,Not Maintained,4,15
OTEX,TSX,80546,CFRA,OTEX,TO,24,Not Maintained,4,15
RCI.B,TSX,86535,CFRA,RCI-B,TO,24,Not Maintained,4,15
600887 CH,SHSE,124671,CFRA,600887,SHG,18,Not Maintained,4,15
600519 CH,SHSE,77646,CFRA,600519,SHG,18,Not Maintained,4,15
000858 CH,SZSE,126017,CFRA,000858,SHE,113,Not Maintained,4,15
300015 CH,SZSE,127159,CFRA,300015,SHE,113,Not Maintained,4,15
600900 CH,SHSE,124682,CFRA,600900,SHG,18,Not Maintained,4,15
000333 CH,SZSE,125741,CFRA,000333,SHE,113,Not Maintained,4,15
600048 CH,SHSE,123970,CFRA,600048,SHG,18,Not Maintained,4,15
000002 CH,SZSE,125673,CFRA,000002,SHE,113,Not Maintained,4,15
603288 CH,SHSE,125087,CFRA,603288,SHG,18,Not Maintained,4,15
001979 CH,SZSE,126124,CFRA,001979,SHE,113,Not Maintained,4,15
300498 CH,SZSE,127631,CFRA,300498,SHE,113,Not Maintained,4,15
002304 CH,SZSE,126420,CFRA,002304,SHE,113,Not Maintained,4,15
600276 CH,SHSE,124163,CFRA,600276,SHG,18,Not Maintained,4,15
600340 CH,SHSE,124219,CFRA,600340,SHG,18,Not Maintained,4,15
BATS LN,LSE,79731,CFRA,BATS,LSE,25,Not Maintained,4,15
ABF LN,LSE,79741,CFRA,ABF,LSE,25,Not Maintained,4,15
HSBA LN,LSE,77673,CFRA,HSBA,LSE,25,Not Maintained,4,15
HL. LN,LSE,79760,CFRA,HL,LSE,25,Not Maintained,4,15
TW LN,LSE,79785,CFRA,TW,LSE,25,Not Maintained,4,15
VOD LN,LSE,77677,CFRA,VOD,LSE,25,Not Maintained,4,15
AZN LN,LSE,77669,CFRA,AZN,LSE,25,Not Maintained,4,15
BDEV LN,LSE,79780,CFRA,BDEV,LSE,25,Not Maintained,4,15
DLG LN,LSE,79799,CFRA,DLG,LSE,25,Not Maintained,4,15
PSN LN,LSE,79764,CFRA,PSN,LSE,25,Not Maintained,4,15
RTO LN,LSE,79759,CFRA,RTO,LSE,25,Not Maintained,4,15
SMIN LN,LSE,79784,CFRA,SMIN,LSE,25,Not Maintained,4,15
IMI LN,LSE,79822,CFRA,IMI,LSE,25,Not Maintained,4,15
AV LN,LSE,79749,CFRA,AV,LSE,25,Not Maintained,4,15
MNDI LN,LSE,79766,CFRA,MNDI,LSE,25,Not Maintained,4,15
WPP LN,LSE,79761,CFRA,WPP,LSE,25,Not Maintained,4,15
SGRO LN,LSE,79751,CFRA,SGRO,LSE,25,Not Maintained,4,15
ITV LN,LSE,79809,CFRA,ITV,LSE,25,Not Maintained,4,15
CNA LN,LSE,79834,CFRA,CNA,LSE,25,Not Maintained,4,15
FERG LN,LSE,79748,CFRA,FERG,LSE,25,Not Maintained,4,15
LAND LN,LSE,79781,CFRA,LAND,LSE,25,Not Maintained,4,15
BP LN,LSE,77675,CFRA,BP,LSE,25,Not Maintained,4,15
BKG LN,LSE,79782,CFRA,BKG,LSE,25,Not Maintained,4,15
OCDO LN,LSE,79750,CFRA,OCDO,LSE,25,Not Maintained,4,15
KGF LN,LSE,79805,CFRA,KGF,LSE,25,Not Maintained,4,15
III LN,LSE,79756,CFRA,III,LSE,25,Not Maintained,4,15
HIK LN,LSE,79778,CFRA,HIK,LSE,25,Not Maintained,4,15
IMB LN,LSE,79740,CFRA,IMB,LSE,25,Not Maintained,4,15
EZJ LN,LSE,79813,CFRA,EZJ,LSE,25,Not Maintained,4,15
STJ LN,LSE,79789,CFRA,STJ,LSE,25,Not Maintained,4,15
SSE LN,LSE,79745,CFRA,SSE,LSE,25,Not Maintained,4,15
TPK LN,LSE,79818,CFRA,TPK,LSE,25,Not Maintained,4,15
STAN LN,LSE,79742,CFRA,STAN,LSE,25,Not Maintained,4,15
LGEN LN,LSE,79746,CFRA,LGEN,LSE,25,Not Maintained,4,15
CPG LN,LSE,79737,CFRA,CPG,LSE,25,Not Maintained,4,15
LLOY LN,LSE,79735,CFRA,LLOY,LSE,25,Not Maintained,4,15
REL LN,LSE,79733,CFRA,REL,LSE,25,Not Maintained,4,15
SMDS LN,LSE,79792,CFRA,SMDS,LSE,25,Not Maintained,4,15
DGE LN,LSE,77676,CFRA,DGE,LSE,25,Not Maintained,4,15
SN LN,LSE,79744,CFRA,SN,LSE,25,Not Maintained,4,15
AHT LN,LSE,79752,CFRA,AHT,LSE,25,Not Maintained,4,15
JMAT LN,LSE,79798,CFRA,JMAT,LSE,25,Not Maintained,4,15
GSK LN,LSE,77674,CFRA,GSK,LSE,25,Not Maintained,4,15
RIO LN,LSE,77678,CFRA,RIO,LSE,25,Not Maintained,4,15
ULVR LN,LSE,77671,CFRA,ULVR,LSE,25,Not Maintained,4,15
BNZL LN,LSE,79774,CFRA,BNZL,LSE,25,Not Maintained,4,15
MNG LN,LSE,79800,CFRA,MNG,LSE,25,Not Maintained,4,15
BRBY LN,LSE,79771,CFRA,BRBY,LSE,25,Not Maintained,4,15
ITRK LN,LSE,79755,CFRA,ITRK,LSE,25,Not Maintained,4,15
IHG LN,LSE,79762,CFRA,IHG,LSE,25,Not Maintained,4,15
UU LN,LSE,79770,CFRA,UU,LSE,25,Not Maintained,4,15
SDR LN,LSE,79753,CFRA,SDR,LSE,25,Not Maintained,4,15
HLMA LN,LSE,79758,CFRA,HLMA,LSE,25,Not Maintained,4,15
PSON LN,LSE,79795,CFRA,PSON,LSE,25,Not Maintained,4,15
RR LN,LSE,79763,CFRA,RR,LSE,25,Not Maintained,4,15
ANTO LN,LSE,79757,CFRA,ANTO,LSE,25,Not Maintained,4,15
SPX LN,LSE,79768,CFRA,SPX,LSE,25,Not Maintained,4,15
BARC LN,LSE,77672,CFRA,BARC,LSE,25,Not Maintained,4,15
INF LN,LSE,79772,CFRA,INF,LSE,25,Not Maintained,4,15
MKS LN,LSE,79830,CFRA,MKS,LSE,25,Not Maintained,4,15
BT.A LN,LSE,79747,CFRA,BT-A,LSE,25,Not Maintained,4,15
ABDN LN,LSE,79779,CFRA,ABDN,LSE,25,Not Maintained,4,15
SGE LN,LSE,79765,CFRA,SGE,LSE,25,Not Maintained,4,15
SVT LN,LSE,79777,CFRA,SVT,LSE,25,Not Maintained,4,15
LSEG LN,LSE,79734,CFRA,LSE,LSE,25,Not Maintained,4,15
CCH LN,LSE,80119,CFRA,CCH,LSE,25,Not Maintained,4,15
NXT LN,LSE,79769,CFRA,NXT,LSE,25,Not Maintained,4,15
MRO LN,LSE,79783,CFRA,MRO,LSE,25,Not Maintained,4,15
RKT LN,LSE,79732,CFRA,RKT,LSE,25,Not Maintained,4,15
BA LN,LSE,79739,CFRA,BA,LSE,25,Not Maintained,4,15
PRU LN,LSE,77670,CFRA,PRU,LSE,25,Not Maintained,4,15
AAL LN,LSE,79738,CFRA,AAL,LSE,25,Not Maintained,4,15
NG LN,LSE,77679,CFRA,NG,LSE,25,Not Maintained,4,15
TSCO LN,LSE,79736,CFRA,TSCO,LSE,25,Not Maintained,4,15
PFC LN,LSE,79936,CFRA,PFC,LSE,25,Not Maintained,4,15
MAERSKB DC,CPSE,82787,CFRA,MAERSKB,CO,21,Not Maintained,4,15
GN DC,CPSE,82784,CFRA,GN,CO,21,Not Maintained,4,15
DSV DC,CPSE,82782,CFRA,DSV,CO,21,Not Maintained,4,15
CARLB DC,CPSE,82778,CFRA,CARLB,CO,21,Not Maintained,4,15
PNDORA DC,CPSE,82791,CFRA,PNDORA,CO,21,Not Maintained,4,15
NOVO.B DC,CPSE,77651,CFRA,NOVO-B,CO,21,Not Maintained,4,15
GMAB DC,CPSE,82783,CFRA,GMAB,CO,21,Not Maintained,4,15
ORSTED DC,CPSE,82790,CFRA,ORSTED,CO,21,Not Maintained,4,15
COLOB DC,CPSE,82779,CFRA,COLOB,CO,21,Not Maintained,4,15
NZYMB DC,CPSE,82789,CFRA,NZYMB,CO,21,Not Maintained,4,15
DANSKE DC,CPSE,82780,CFRA,DANSKE,CO,21,Not Maintained,4,15
VWS DC,CPSE,82795,CFRA,VWS,CO,21,Not Maintained,4,15
EDF FP,ENXTPA,122066,CFRA,EDF,PA,19,Not Maintained,4,15
BNP FP,ENXTPA,80481,CFRA,BNP,PA,19,Not Maintained,4,15
TTE FP,ENXTPA,122396,CFRA,TTE,PA,19,Not Maintained,4,15
GFC FP,ENXTPA,122119,CFRA,GFC,PA,19,Not Maintained,4,15
TEP FP,ENXTPA,122384,CFRA,TEP,PA,19,Not Maintained,4,15
CS FP,ENXTPA,80477,CFRA,CS,PA,19,Not Maintained,4,15
ENGI FP,ENXTPA,80488,CFRA,ENGI,PA,19,Not Maintained,4,15
AIR FP,ENXTPA,121734,CFRA,AIR,PA,19,Not Maintained,4,15
SCR FP,ENXTPA,122351,CFRA,SCR,PA,19,Not Maintained,4,15
HO FP,ENXTPA,80502,CFRA,HO,PA,19,Not Maintained,4,15
SGO FP,ENXTPA,80499,CFRA,SGO,PA,19,Not Maintained,4,15
VIV FP,ENXTPA,80505,CFRA,VIV,PA,19,Not Maintained,4,15
ML FP,ENXTPA,80493,CFRA,ML,PA,19,Not Maintained,4,15
UBI FP,ENXTPA,122398,CFRA,UBI,PA,19,Not Maintained,4,15
PUB FP,ENXTPA,80496,CFRA,PUB,PA,19,Not Maintained,4,15
AKE FP,ENXTPA,121736,CFRA,AKE,PA,19,Not Maintained,4,15
SU FP,ENXTPA,77664,CFRA,SU,PA,19,Not Maintained,4,15
GLE FP,ENXTPA,80500,CFRA,GLE,PA,19,Not Maintained,4,15
LI FP,ENXTPA,122172,CFRA,LI,PA,19,Not Maintained,4,15
CA FP,ENXTPA,80484,CFRA,CA,PA,19,Not Maintained,4,15
ALO FP,ENXTPA,121891,CFRA,ALO,PA,19,Not Maintained,4,15
EN FP,ENXTPA,80482,CFRA,EN,PA,19,Not Maintained,4,15
SESG FP,ENXTPA,122357,CFRA,SESG,PA,19,Not Maintained,4,15
SAF FP,ENXTPA,80498,CFRA,SAF,PA,19,Not Maintained,4,15
MC FP,ENXTPA,77648,CFRA,MC,PA,19,Not Maintained,4,15
KER FP,ENXTPA,80491,CFRA,KER,PA,19,Not Maintained,4,15
EDEN FP,ENXTPA,122065,CFRA,EDEN,PA,19,Not Maintained,4,15
ETL FP,ENXTPA,122084,CFRA,ETL,PA,19,Not Maintained,4,15
IPN FP,ENXTPA,122154,CFRA,IPN,PA,19,Not Maintained,4,15
RI FP,ENXTPA,80494,CFRA,RI,PA,19,Not Maintained,4,15
EL FP,ENXTPA,80489,CFRA,EL,PA,19,Not Maintained,4,15
VIE FP,ENXTPA,80503,CFRA,VIE,PA,19,Not Maintained,4,15
OR FP,ENXTPA,77650,CFRA,OR,PA,19,Not Maintained,4,15
MMB FP,ENXTPA,122281,CFRA,MMB,PA,19,Not Maintained,4,15
SW FP,ENXTPA,80501,CFRA,SW,PA,19,Not Maintained,4,15
ATO FP,ENXTPA,80480,CFRA,ATO,PA,19,Not Maintained,4,15
DSY FP,ENXTPA,80487,CFRA,DSY,PA,19,Not Maintained,4,15
RNO FP,ENXTPA,80497,CFRA,RNO,PA,19,Not Maintained,4,15
RMS FP,ENXTPA,80490,CFRA,RMS,PA,19,Not Maintained,4,15
LR FP,ENXTPA,80492,CFRA,LR,PA,19,Not Maintained,4,15
SEV FP,ENXTPA,122359,CFRA,SEV,PA,19,Not Maintained,4,15
AF FP,ENXTPA,121732,CFRA,AF,PA,19,Not Maintained,4,15
BN FP,ENXTPA,80486,CFRA,BN,PA,19,Not Maintained,4,15
CAP FP,ENXTPA,80483,CFRA,CAP,PA,19,Not Maintained,4,15
STM FP,ENXTPA,122378,CFRA,STM,PA,19,Not Maintained,4,15
SAN FP,ENXTPA,77657,CFRA,SAN,PA,19,Not Maintained,4,15
ACA FP,ENXTPA,80485,CFRA,ACA,PA,19,Not Maintained,4,15
DG FP,ENXTPA,80504,CFRA,DG,PA,19,Not Maintained,4,15
AI FP,ENXTPA,80479,CFRA,AI,PA,19,Not Maintained,4,15
AC FP,ENXTPA,80478,CFRA,AC,PA,19,Not Maintained,4,15
FR FP,ENXTPA,122109,CFRA,FR,PA,19,Not Maintained,4,15
PRX NA,ENXTAM,77655,CFRA,PRX,AS,23,Not Maintained,4,15
MT NA,ENXTAM,122476,CFRA,MT,AS,23,Not Maintained,4,15
ASML NA,ENXTAM,77656,CFRA,ASML,AS,23,Not Maintained,4,15
AKZA NA,ENXTAM,79718,CFRA,AKZA,AS,23,Not Maintained,4,15
KPN NA,ENXTAM,79724,CFRA,KPN,AS,23,Not Maintained,4,15
RDSA NA,ENXTAM,77654,CFRA,RDSA,AS,23,Not Maintained,4,15
INGA NA,ENXTAM,79723,CFRA,INGA,AS,23,Not Maintained,4,15
CCEP NA,ENXTAM,122441,CFRA,CCEP,AS,23,Not Maintained,4,15
DSM NA,ENXTAM,79720,CFRA,DSM,AS,23,Not Maintained,4,15
PHIA NA,ENXTAM,79726,CFRA,PHIA,AS,23,Not Maintained,4,15
AD NA,ENXTAM,79717,CFRA,AD,AS,23,Not Maintained,4,15
NN NA,ENXTAM,79725,CFRA,NN,AS,23,Not Maintained,4,15
ADYEN NA,ENXTAM,79715,CFRA,ADYEN,AS,23,Not Maintained,4,15
ABN NA,ENXTAM,79714,CFRA,ABN,AS,23,Not Maintained,4,15
HEIA NA,ENXTAM,79721,CFRA,HEIA,AS,23,Not Maintained,4,15
AGN NA,ENXTAM,79716,CFRA,AGN,AS,23,Not Maintained,4,15
RAND NA,ENXTAM,79727,CFRA,RAND,AS,23,Not Maintained,4,15
URW NA,ENXTAM,122508,CFRA,URW,AS,23,Not Maintained,4,15
WKL NA,ENXTAM,79730,CFRA,WKL,AS,23,Not Maintained,4,15
HOLN SW,SWX,79504,CFRA,HOLN,SW,15,Not Maintained,4,15
UBSG SW,SWX,79513,CFRA,UBSG,SW,15,Not Maintained,4,15
SIKA SW,SWX,79508,CFRA,SIKA,SW,15,Not Maintained,4,15
NESN SW,SWX,77641,CFRA,NESN,SW,15,Not Maintained,4,15
ROG SW,SWX,77642,CFRA,ROG,SW,15,Not Maintained,4,15
SLHN SW,SWX,79510,CFRA,SLHN,SW,15,Not Maintained,4,15
ADEN SW,SWX,79499,CFRA,ADEN,SW,15,Not Maintained,4,15
ABBN SW,SWX,79498,CFRA,ABBN,SW,15,Not Maintained,4,15
SREN SW,SWX,79511,CFRA,SREN,SW,15,Not Maintained,4,15
LONN SW,SWX,79505,CFRA,LONN,SW,15,Not Maintained,4,15
ZURN SW,SWX,79514,CFRA,ZURN,SW,15,Not Maintained,4,15
ALC SW,SWX,79500,CFRA,ALC,SW,15,Not Maintained,4,15
CFR SW,SWX,79506,CFRA,CFR,SW,15,Not Maintained,4,15
UHR SW,SWX,79509,CFRA,UHR,SW,15,Not Maintained,4,15
CSGN SW,SWX,79501,CFRA,CSGN,SW,15,Not Maintained,4,15
GIVN SW,SWX,79503,CFRA,GIVN,SW,15,Not Maintained,4,15
SGSN SW,SWX,79507,CFRA,SGSN,SW,15,Not Maintained,4,15
SCMN SW,SWX,79512,CFRA,SCMN,SW,15,Not Maintained,4,15
GEBN SW,SWX,79502,CFRA,GEBN,SW,15,Not Maintained,4,15
DPW GY,XTRA,82764,CFRA,DPW,XETRA,22,Not Maintained,4,15
IFX GY,XTRA,82771,CFRA,IFX,XETRA,22,Not Maintained,4,15
FRE GY,XTRA,82767,CFRA,FRE,XETRA,22,Not Maintained,4,15
EOAN GY,XTRA,82766,CFRA,EOAN,XETRA,22,Not Maintained,4,15
SIE GY,XTRA,77662,CFRA,SIE,XETRA,22,Not Maintained,4,15
VNA GY,XTRA,82775,CFRA,VNA,XETRA,22,Not Maintained,4,15
1COV GY,XTRA,82759,CFRA,1COV,XETRA,22,Not Maintained,4,15
DB1 GY,XTRA,82762,CFRA,DB1,XETRA,22,Not Maintained,4,15
VOW3 GY,XTRA,82774,CFRA,VOW3,XETRA,22,Not Maintained,4,15
RWE GY,XTRA,82773,CFRA,RWE,XETRA,22,Not Maintained,4,15
DAI GY,XTRA,82760,CFRA,DAI,XETRA,22,Not Maintained,4,15
BAYN GY,XTRA,82755,CFRA,BAYN,XETRA,22,Not Maintained,4,15
ADS GY,XTRA,82754,CFRA,ADS,XETRA,22,Not Maintained,4,15
BMW GY,XTRA,82757,CFRA,BMW,XETRA,22,Not Maintained,4,15
CON GY,XTRA,82758,CFRA,CON,XETRA,22,Not Maintained,4,15
FME GY,XTRA,82768,CFRA,FME,XETRA,22,Not Maintained,4,15
BEI GY,XTRA,82756,CFRA,BEI,XETRA,22,Not Maintained,4,15
DBK GY,XTRA,82761,CFRA,DBK,XETRA,22,Not Maintained,4,15
LHA GY,XTRA,82763,CFRA,LHA,XETRA,22,Not Maintained,4,15
HEN3 GY,XTRA,82770,CFRA,HEN3,XETRA,22,Not Maintained,4,15
BAS GY,XTRA,77667,CFRA,BAS,XETRA,22,Not Maintained,4,15
AT1 GY,XTRA,138407,CFRA,AT1,XETRA,22,Not Maintained,4,15
SDF GY,XTRA,138408,CFRA,SDF,XETRA,22,Not Maintained,4,15
DTE GY,XTRA,82765,CFRA,DTE,XETRA,22,Not Maintained,4,15
ALV GY,XTRA,77661,CFRA,ALV,XETRA,22,Not Maintained,4,15
HEI GY,XTRA,82769,CFRA,HEI,XETRA,22,Not Maintained,4,15
MRK GY,XTRA,82772,CFRA,MRK,XETRA,22,Not Maintained,4,15
SAP GY,XTRA,77653,CFRA,SAP,XETRA,22,Not Maintained,4,15
INFO IN,NSEI,61008,CFRA,INFO,NSE,10,Coprorate Action Maintained,4,15
ITC IN,NSEI,61020,CFRA,ITC,NSE,10,Coprorate Action Maintained,4,15
HUVR IN,NSEI,60945,CFRA,HINDUNILVR,NSE,10,Coprorate Action Maintained,4,15
TTMT IN,NSEI,61586,CFRA,TATAMOTORS,NSE,10,Coprorate Action Maintained,4,15
TCS IN,NSEI,61580,CFRA,TCS,NSE,10,Coprorate Action Maintained,4,15
WPRO IN,NSEI,61714,CFRA,WIPRO,NSE,10,Coprorate Action Maintained,4,15
2454 TT,TWSE,82671,CFRA,2454,TW,17,Not Maintained,4,15
2330 TT,TWSE,77644,CFRA,2330,TW,17,Not Maintained,4,15
2882 TT,TWSE,82678,CFRA,2882,TW,17,Not Maintained,4,15
1216 TT,TWSE,82675,CFRA,1216,TW,17,Not Maintained,4,15
2317 TT,TWSE,82670,CFRA,2317,TW,17,Not Maintained,4,15
2303 TT,TWSE,82691,CFRA,2303,TW,17,Not Maintained,4,15
2002 TT,TWSE,82684,CFRA,2002,TW,17,Not Maintained,4,15
2412 TT,TWSE,82672,CFRA,2412,TW,17,Not Maintained,4,15
2409 TT,TWSE,82719,CFRA,2409,TW,17,Not Maintained,4,15
4543 JP,TSE,80753,CFRA,4543,TSE,20,Coprorate Action Maintained,4,15
8766 JP,TSE,80758,CFRA,8766,TSE,20,Coprorate Action Maintained,4,15
7203 JP,TSE,77649,CFRA,7203,TSE,20,Coprorate Action Maintained,4,15
4507 JP,TSE,80723,CFRA,4507,TSE,20,Coprorate Action Maintained,4,15
2413 JP,TSE,80651,CFRA,2413,TSE,20,Coprorate Action Maintained,4,15
4661 JP,TSE,115299,CFRA,4661,TSE,20,Coprorate Action Maintained,4,15
6367 JP,TSE,80591,CFRA,6367,TSE,20,Coprorate Action Maintained,4,15
2503 JP,TSE,80642,CFRA,2503,TSE,20,Coprorate Action Maintained,4,15
6752 JP,TSE,80709,CFRA,6752,TSE,20,Coprorate Action Maintained,4,15
2897 JP,TSE,114427,CFRA,2897,TSE,20,Coprorate Action Maintained,4,15
4528 JP,TSE,115219,CFRA,4528,TSE,20,Coprorate Action Maintained,4,15
9684 JP,TSE,117227,CFRA,9684,TSE,20,Coprorate Action Maintained,4,15
4452 JP,TSE,80635,CFRA,4452,TSE,20,Coprorate Action Maintained,4,15
4911 JP,TSE,80724,CFRA,4911,TSE,20,Coprorate Action Maintained,4,15
6971 JP,TSE,80649,CFRA,6971,TSE,20,Coprorate Action Maintained,4,15
2269 JP,TSE,80657,CFRA,2269,TSE,20,Coprorate Action Maintained,4,15
7201 JP,TSE,80691,CFRA,7201,TSE,20,Coprorate Action Maintained,4,15
9983 JP,TSE,80606,CFRA,9983,TSE,20,Coprorate Action Maintained,4,15
4523 JP,TSE,80603,CFRA,4523,TSE,20,Coprorate Action Maintained,4,15
2914 JP,TSE,80628,CFRA,2914,TSE,20,Coprorate Action Maintained,4,15
5108 JP,TSE,80576,CFRA,5108,TSE,20,Coprorate Action Maintained,4,15
4519 JP,TSE,80582,CFRA,4519,TSE,20,Coprorate Action Maintained,4,15
8113 JP,TSE,116733,CFRA,8113,TSE,20,Coprorate Action Maintained,4,15
7751 JP,TSE,80577,CFRA,7751,TSE,20,Coprorate Action Maintained,4,15
8267 JP,TSE,80565,CFRA,8267,TSE,20,Coprorate Action Maintained,4,15
6869 JP,TSE,116134,CFRA,6869,TSE,20,Coprorate Action Maintained,4,15
7974 JP,TSE,116650,CFRA,7974,TSE,20,Coprorate Action Maintained,4,15
8035 JP,TSE,80761,CFRA,8035,TSE,20,Coprorate Action Maintained,4,15
6981 JP,TSE,116191,CFRA,6981,TSE,20,Coprorate Action Maintained,4,15
4063 JP,TSE,80721,CFRA,4063,TSE,20,Coprorate Action Maintained,4,15
8316 JP,TSE,80739,CFRA,8316,TSE,20,Coprorate Action Maintained,4,15
6594 JP,TSE,116003,CFRA,6594,TSE,20,Coprorate Action Maintained,4,15
2502 JP,TSE,80572,CFRA,2502,TSE,20,Coprorate Action Maintained,4,15
6758 JP,TSE,77660,CFRA,6758,TSE,20,Coprorate Action Maintained,4,15
6098 JP,TSE,80711,CFRA,6098,TSE,20,Coprorate Action Maintained,4,15
3382 JP,TSE,80719,CFRA,3382,TSE,20,Coprorate Action Maintained,4,15
2587 JP,TSE,114315,CFRA,2587,TSE,20,Coprorate Action Maintained,4,15
6954 JP,TSE,80605,CFRA,6954,TSE,20,Coprorate Action Maintained,4,15
8802 JP,TSE,80662,CFRA,8802,TSE,20,Coprorate Action Maintained,4,15
7267 JP,TSE,77666,CFRA,7267,TSE,20,Coprorate Action Maintained,4,15
6861 JP,TSE,116128,CFRA,6861,TSE,20,Coprorate Action Maintained,4,15
3659 JP,TSE,113816,CFRA,3659,TSE,20,Coprorate Action Maintained,4,15
8306 JP,TSE,77663,CFRA,8306,TSE,20,Coprorate Action Maintained,4,15
4502 JP,TSE,80750,CFRA,4502,TSE,20,Coprorate Action Maintained,4,15
9434 JP,TSE,113819,CFRA,9434,TSE,20,Coprorate Action Maintained,4,15
9433 JP,TSE,80638,CFRA,9433,TSE,20,Coprorate Action Maintained,4,15
4751 JP,TSE,80587,CFRA,4751,TSE,20,Coprorate Action Maintained,4,15
6503 JP,TSE,80661,CFRA,6503,TSE,20,Coprorate Action Maintained,4,15
8411 JP,TSE,80673,CFRA,8411,TSE,20,Coprorate Action Maintained,4,15
9984 JP,TSE,80728,CFRA,9984,TSE,20,Coprorate Action Maintained,4,15
6501 JP,TSE,80617,CFRA,6501,TSE,20,Coprorate Action Maintained,4,15
6902 JP,TSE,80597,CFRA,6902,TSE,20,Coprorate Action Maintained,4,15
7741 JP,TSE,116516,CFRA,7741,TSE,20,Coprorate Action Maintained,4,15
4503 JP,TSE,80574,CFRA,4503,TSE,20,Coprorate Action Maintained,4,15
8001 JP,TSE,80624,CFRA,8001,TSE,20,Coprorate Action Maintained,4,15
7269 JP,TSE,80743,CFRA,7269,TSE,20,Coprorate Action Maintained,4,15
2802 JP,TSE,80567,CFRA,2802,TSE,20,Coprorate Action Maintained,4,15
4568 JP,TSE,80590,CFRA,4568,TSE,20,Coprorate Action Maintained,4,15
017670 KS,KOSE,79528,CFRA,017670,KO,16,Not Maintained,4,15
005930 KS,KOSE,77643,CFRA,005930,KO,16,Not Maintained,4,15
000660 KS,KOSE,79515,CFRA,000660,KO,16,Not Maintained,4,15
036570 KS,KOSE,79521,CFRA,036570,KO,16,Not Maintained,4,15
005490 KS,KOSE,79525,CFRA,005490,KO,16,Not Maintained,4,15
035420 KS,KOSE,79516,CFRA,035420,KO,16,Not Maintained,4,15
051910 KS,KOSE,79518,CFRA,051910,KO,16,Not Maintained,4,15
066570 KS,KOSE,79535,CFRA,066570,KO,16,Not Maintained,4,15
068270 KS,KOSE,79517,CFRA,068270,KO,16,Not Maintained,4,15
005380 KS,KOSE,79520,CFRA,005380,KO,16,Not Maintained,4,15
012330 KS,KOSE,79523,CFRA,012330,KO,16,Not Maintained,4,15
033780 KS,KOSE,79531,CFRA,033780,KO,16,Not Maintained,4,15
015760 KS,KOSE,79538,CFRA,015760,KO,16,Not Maintained,4,15
KEP SP,SGX,74412,CFRA,KEP,SGX,11,Coprorate Action Maintained,4,15
UOB SP,SGX,74644,CFRA,UOB,SGX,11,Coprorate Action Maintained,4,15
OCBC SP,SGX,74573,CFRA,OCBC,SGX,11,Coprorate Action Maintained,4,15
CIT SP,SGX,74439,CFRA,CIT,SGX,11,Coprorate Action Maintained,4,15
WIL SP,SGX,74493,CFRA,WIL,SGX,11,Coprorate Action Maintained,4,15
ST SP,SGX,74666,CFRA,ST,SGX,11,Coprorate Action Maintained,4,15
DBS SP,SGX,74467,CFRA,DBS,SGX,11,Coprorate Action Maintained,4,15
STE SP,SGX,74617,CFRA,STE,SGX,11,Coprorate Action Maintained,4,15
STH SP,SGX,74453,CFRA,STH,SGX,11,Coprorate Action Maintained,4,15
SIA SP,SGX,74447,CFRA,SIA,SGX,11,Coprorate Action Maintained,4,15
1186 HK,SEHK,74781,CFRA,1186,HKEX,12,Coprorate Action Maintained,26,15
0576 HK,SEHK,76053,CFRA,0576,HKEX,12,Coprorate Action Maintained,26,15
0390 HK,SEHK,75929,CFRA,0390,HKEX,12,Coprorate Action Maintained,26,15
0762 HK,SEHK,76188,CFRA,0762,HKEX,12,Coprorate Action Maintained,31,15
1109 HK,SEHK,74688,CFRA,1109,HKEX,12,Coprorate Action Maintained,31,15
0753 HK,SEHK,76180,CFRA,0753,HKEX,12,Coprorate Action Maintained,26,15
1199 HK,SEHK,74869,CFRA,1199,HKEX,12,Coprorate Action Maintained,31,15
1055 HK,SEHK,74747,CFRA,1055,HKEX,12,Coprorate Action Maintained,26,15
0670 HK,SEHK,76118,CFRA,0670,HKEX,12,Coprorate Action Maintained,26,15
0992 HK,SEHK,76331,CFRA,0992,HKEX,12,Coprorate Action Maintained,31,15
0386 HK,SEHK,75925,CFRA,0386,HKEX,12,Coprorate Action Maintained,26,15
0005 HK,SEHK,75616,CFRA,0005,HKEX,12,Coprorate Action Maintained,4,15
1800 HK,SEHK,74732,CFRA,1800,HKEX,12,Coprorate Action Maintained,26,15
0728 HK,SEHK,76164,CFRA,0728,HKEX,12,Coprorate Action Maintained,26,15
0001 HK,SEHK,75612,CFRA,0001,HKEX,12,Coprorate Action Maintained,4,15
0288 HK,SEHK,75850,CFRA,0288,HKEX,12,Coprorate Action Maintained,4,15
0883 HK,SEHK,76262,CFRA,0883,HKEX,12,Coprorate Action Maintained,31,15
0836 HK,SEHK,76227,CFRA,0836,HKEX,12,Coprorate Action Maintained,31,15
0941 HK,SEHK,76299,CFRA,0941,HKEX,12,Coprorate Action Maintained,31,15
0688 HK,SEHK,76133,CFRA,0688,HKEX,12,Coprorate Action Maintained,31,15
1177 HK,SEHK,74687,CFRA,1177,HKEX,12,Coprorate Action Maintained,4,15
1093 HK,SEHK,74689,CFRA,1093,HKEX,12,Coprorate Action Maintained,4,15
0939 HK,SEHK,76298,CFRA,0939,HKEX,12,Coprorate Action Maintained,26,15
6030 HK,SEHK,74702,CFRA,6030,HKEX,12,Coprorate Action Maintained,26,15
2319 HK,SEHK,74693,CFRA,2319,HKEX,12,Coprorate Action Maintained,31,15
0700 HK,SEHK,76143,CFRA,0700,HKEX,12,Coprorate Action Maintained,4,15
1299 HK,SEHK,74674,CFRA,1299,HKEX,12,Coprorate Action Maintained,4,15
2600 HK,SEHK,74817,CFRA,2600,HKEX,12,Coprorate Action Maintained,26,15
0338 HK,SEHK,75888,CFRA,0338,HKEX,12,Coprorate Action Maintained,26,15
0016 HK,SEHK,75626,CFRA,0016,HKEX,12,Coprorate Action Maintained,4,15
0241 HK,SEHK,75813,CFRA,0241,HKEX,12,Coprorate Action Maintained,4,15
2883 HK,SEHK,74725,CFRA,2883,HKEX,12,Coprorate Action Maintained,26,15
0384 HK,SEHK,75923,CFRA,0384,HKEX,12,Coprorate Action Maintained,4,15
0101 HK,SEHK,75700,CFRA,0101,HKEX,12,Coprorate Action Maintained,4,15
1099 HK,SEHK,74731,CFRA,1099,HKEX,12,Coprorate Action Maintained,26,15
0857 HK,SEHK,76241,CFRA,0857,HKEX,12,Coprorate Action Maintained,26,15
1088 HK,SEHK,74703,CFRA,1088,HKEX,12,Coprorate Action Maintained,26,15
0788 HK,SEHK,74682,CFRA,0788,HKEX,12,Coprorate Action Maintained,26,15
3968 HK,SEHK,74685,CFRA,3968,HKEX,12,Coprorate Action Maintained,26,15
3383 HK,SEHK,74755,CFRA,3383,HKEX,12,Coprorate Action Maintained,4,15
1113 HK,SEHK,74698,CFRA,1113,HKEX,12,Coprorate Action Maintained,4,15
2378 HK,SEHK,75140,CFRA,2378,HKEX,12,Coprorate Action Maintained,4,15
3328 HK,SEHK,74743,CFRA,3328,HKEX,12,Coprorate Action Maintained,26,15
2689 HK,SEHK,74806,CFRA,2689,HKEX,12,Coprorate Action Maintained,4,15
0694 HK,SEHK,76137,CFRA,0694,HKEX,12,Coprorate Action Maintained,26,15
0551 HK,SEHK,76036,CFRA,0551,HKEX,12,Coprorate Action Maintained,4,15
0151 HK,SEHK,75744,CFRA,0151,HKEX,12,Coprorate Action Maintained,26,15
1919 HK,SEHK,74874,CFRA,1919,HKEX,12,Coprorate Action Maintained,26,15
0144 HK,SEHK,75738,CFRA,0144,HKEX,12,Coprorate Action Maintained,31,15
3323 HK,SEHK,74720,CFRA,3323,HKEX,12,Coprorate Action Maintained,26,15
2899 HK,SEHK,74774,CFRA,2899,HKEX,12,Coprorate Action Maintained,26,15
2269 HK,SEHK,74707,CFRA,2269,HKEX,12,Coprorate Action Maintained,4,15
2318 HK,SEHK,74675,CFRA,2318,HKEX,12,Coprorate Action Maintained,26,15
6823 HK,SEHK,74753,CFRA,6823,HKEX,12,Coprorate Action Maintained,4,15
3690 HK,SEHK,74672,CFRA,3690,HKEX,12,Coprorate Action Maintained,4,15
2388 HK,SEHK,74700,CFRA,2388,HKEX,12,Coprorate Action Maintained,31,15
1398 HK,SEHK,74683,CFRA,1398,HKEX,12,Coprorate Action Maintained,26,15
3988 HK,SEHK,74684,CFRA,3988,HKEX,12,Coprorate Action Maintained,26,15
0914 HK,SEHK,76286,CFRA,0914,HKEX,12,Coprorate Action Maintained,26,15
0669 HK,SEHK,76117,CFRA,0669,HKEX,12,Coprorate Action Maintained,4,15
0916 HK,SEHK,76288,CFRA,0916,HKEX,12,Coprorate Action Maintained,26,15
1288 HK,SEHK,74697,CFRA,1288,HKEX,12,Coprorate Action Maintained,26,15
1928 HK,SEHK,74677,CFRA,1928,HKEX,12,Coprorate Action Maintained,4,15
0291 HK,SEHK,75853,CFRA,0291,HKEX,12,Coprorate Action Maintained,31,15
1038 HK,SEHK,74726,CFRA,1038,HKEX,12,Coprorate Action Maintained,4,15
0019 HK,SEHK,75629,CFRA,0019,HKEX,12,Coprorate Action Maintained,4,15
0177 HK,SEHK,75762,CFRA,0177,HKEX,12,Coprorate Action Maintained,26,15
2628 HK,SEHK,74692,CFRA,2628,HKEX,12,Coprorate Action Maintained,26,15
1211 HK,SEHK,74710,CFRA,1211,HKEX,12,Coprorate Action Maintained,26,15
0168 HK,SEHK,75755,CFRA,0168,HKEX,12,Coprorate Action Maintained,26,15
0002 HK,SEHK,75613,CFRA,0002,HKEX,12,Coprorate Action Maintained,4,15
0323 HK,SEHK,75877,CFRA,0323,HKEX,12,Coprorate Action Maintained,26,15
0388 HK,SEHK,75927,CFRA,0388,HKEX,12,Coprorate Action Maintained,4,15
0322 HK,SEHK,75876,CFRA,0322,HKEX,12,Coprorate Action Maintained,4,15
0489 HK,SEHK,75990,CFRA,0489,HKEX,12,Coprorate Action Maintained,26,15
0006 HK,SEHK,75617,CFRA,0006,HKEX,12,Coprorate Action Maintained,4,15
0358 HK,SEHK,75902,CFRA,0358,HKEX,12,Coprorate Action Maintained,26,15
6808 HK,SEHK,74736,CFRA,6808,HKEX,12,Coprorate Action Maintained,4,15
2888 HK,SEHK,74818,CFRA,2888,HKEX,12,Coprorate Action Maintained,4,15
2688 HK,SEHK,74704,CFRA,2688,HKEX,12,Coprorate Action Maintained,4,15
1193 HK,SEHK,74721,CFRA,1193,HKEX,12,Coprorate Action Maintained,31,15
0981 HK,SEHK,76323,CFRA,0981,HKEX,12,Coprorate Action Maintained,31,15
0012 HK,SEHK,75623,CFRA,0012,HKEX,12,Coprorate Action Maintained,4,15
1128 HK,SEHK,74730,CFRA,1128,HKEX,12,Coprorate Action Maintained,4,15
0011 HK,SEHK,75622,CFRA,0011,HKEX,12,Coprorate Action Maintained,4,15
1988 HK,SEHK,74754,CFRA,1988,HKEX,12,Coprorate Action Maintained,26,15
0023 HK,SEHK,75633,CFRA,0023,HKEX,12,Coprorate Action Maintained,4,15
2328 HK,SEHK,74709,CFRA,2328,HKEX,12,Coprorate Action Maintained,26,15
0066 HK,SEHK,75672,CFRA,0066,HKEX,12,Coprorate Action Maintained,4,15
0004 HK,SEHK,75615,CFRA,0004,HKEX,12,Coprorate Action Maintained,4,15
0003 HK,SEHK,75614,CFRA,0003,HKEX,12,Coprorate Action Maintained,4,15
A,NYSE,42800,CFRA,A,NYSE,2,Coprorate Action Maintained,4,15
AA,NYSE,42801,CFRA,AA,NYSE,2,Coprorate Action Maintained,4,15
AAP,NYSE,42804,CFRA,AAP,NYSE,2,Coprorate Action Maintained,4,15
ABB,NYSE,42808,CFRA,ABB,NYSE,2,Coprorate Action Maintained,2,15
ABBV,NYSE,42809,CFRA,ABBV,NYSE,2,Coprorate Action Maintained,4,15
ABC,NYSE,42810,CFRA,ABC,NYSE,2,Coprorate Action Maintained,4,15
ABG,NYSE,42812,CFRA,ABG,NYSE,2,Coprorate Action Maintained,4,15
ABT,NYSE,42815,CFRA,ABT,NYSE,2,Coprorate Action Maintained,4,15
CB,NYSE,42819,CFRA,CB,NYSE,2,Coprorate Action Maintained,4,15
ACN,NYSE,42824,CFRA,ACN,NYSE,2,Coprorate Action Maintained,4,15
ADM,NYSE,42830,CFRA,ADM,NYSE,2,Coprorate Action Maintained,4,15
ADS,NYSE,42832,CFRA,ADS,NYSE,2,Coprorate Action Maintained,4,15
AEE,NYSE,42836,CFRA,AEE,NYSE,2,Coprorate Action Maintained,4,15
AEG,NYSE,42837,CFRA,AEG,NYSE,2,Coprorate Action Maintained,2,15
AEO,NYSE,42840,CFRA,AEO,NYSE,2,Coprorate Action Maintained,4,15
AER,NYSE,42842,CFRA,AER,NYSE,2,Coprorate Action Maintained,2,15
AES,NYSE,42843,CFRA,AES,NYSE,2,Coprorate Action Maintained,4,15
AFG,NYSE,42847,CFRA,AFG,NYSE,2,Coprorate Action Maintained,4,15
AFL,NYSE,42848,CFRA,AFL,NYSE,2,Coprorate Action Maintained,4,15
AGCO,NYSE,42852,CFRA,AGCO,NYSE,2,Coprorate Action Maintained,4,15
AIG,NYSE,42869,CFRA,AIG,NYSE,2,Coprorate Action Maintained,4,15
AIZ,NYSE,42874,CFRA,AIZ,NYSE,2,Coprorate Action Maintained,4,15
AJG,NYSE,42875,CFRA,AJG,NYSE,2,Coprorate Action Maintained,4,15
ALB,NYSE,42881,CFRA,ALB,NYSE,2,Coprorate Action Maintained,4,15
ALE,NYSE,42883,CFRA,ALE,NYSE,2,Coprorate Action Maintained,4,15
ALK,NYSE,42887,CFRA,ALK,NYSE,2,Coprorate Action Maintained,4,15
ALL,NYSE,42888,CFRA,ALL,NYSE,2,Coprorate Action Maintained,4,15
ALLE,NYSE,42889,CFRA,ALLE,NYSE,2,Coprorate Action Maintained,4,15
ALLY,NYSE,42890,CFRA,ALLY,NYSE,2,Coprorate Action Maintained,4,15
ALV,NYSE,42894,CFRA,ALV,NYSE,2,Coprorate Action Maintained,4,15
AME,NYSE,42899,CFRA,AME,NYSE,2,Coprorate Action Maintained,4,15
AMG,NYSE,42901,CFRA,AMG,NYSE,2,Coprorate Action Maintained,4,15
AMH,NYSE,42902,CFRA,AMH,NYSE,2,Coprorate Action Maintained,4,15
AMP,NYSE,42904,CFRA,AMP,NYSE,2,Coprorate Action Maintained,4,15
AMT,NYSE,42906,CFRA,AMT,NYSE,2,Coprorate Action Maintained,4,15
AN,NYSE,42910,CFRA,AN,NYSE,2,Coprorate Action Maintained,4,15
ANET,NYSE,42911,CFRA,ANET,NYSE,2,Coprorate Action Maintained,4,15
ANF,NYSE,42912,CFRA,ANF,NYSE,2,Coprorate Action Maintained,4,15
ANTM,NYSE,42917,CFRA,ANTM,NYSE,2,Coprorate Action Maintained,4,15
AON,NYSE,42922,CFRA,AON,NYSE,2,Coprorate Action Maintained,4,15
AOS,NYSE,42923,CFRA,AOS,NYSE,2,Coprorate Action Maintained,4,15
APD,NYSE,42929,CFRA,APD,NYSE,2,Coprorate Action Maintained,4,15
APH,NYSE,42931,CFRA,APH,NYSE,2,Coprorate Action Maintained,4,15
APO,NYSE,42933,CFRA,APO,NYSE,2,Coprorate Action Maintained,4,15
ARE,NYSE,42940,CFRA,ARE,NYSE,2,Coprorate Action Maintained,4,15
ARW,NYSE,42951,CFRA,ARW,NYSE,2,Coprorate Action Maintained,4,15
ASB,NYSE,42953,CFRA,ASB,NYSE,2,Coprorate Action Maintained,4,15
ASH,NYSE,42957,CFRA,ASH,NYSE,2,Coprorate Action Maintained,4,15
ATI,NYSE,42965,CFRA,ATI,NYSE,2,Coprorate Action Maintained,4,15
ATO,NYSE,42967,CFRA,ATO,NYSE,2,Coprorate Action Maintained,4,15
ATR,NYSE,42968,CFRA,ATR,NYSE,2,Coprorate Action Maintained,4,15
AVB,NYSE,42980,CFRA,AVB,NYSE,2,Coprorate Action Maintained,4,15
AVT,NasdaqGS,42988,CFRA,AVT,NASDAQ,1,Coprorate Action Maintained,4,15
AVY,NYSE,42990,CFRA,AVY,NYSE,2,Coprorate Action Maintained,4,15
AWI,NYSE,42993,CFRA,AWI,NYSE,2,Coprorate Action Maintained,4,15
AWK,NYSE,42994,CFRA,AWK,NYSE,2,Coprorate Action Maintained,4,15
AXP,NYSE,43000,CFRA,AXP,NYSE,2,Coprorate Action Maintained,4,15
AYI,NYSE,43004,CFRA,AYI,NYSE,2,Coprorate Action Maintained,4,15
AZO,NYSE,43008,CFRA,AZO,NYSE,2,Coprorate Action Maintained,4,15
BA,NYSE,43011,CFRA,BA,NYSE,2,Coprorate Action Maintained,4,15
BABA,NYSE,43012,CFRA,BABA,NYSE,2,Coprorate Action Maintained,2,15
BAC,NYSE,43013,CFRA,BAC,NYSE,2,Coprorate Action Maintained,4,15
BAH,NYSE,43015,CFRA,BAH,NYSE,2,Coprorate Action Maintained,4,15
BAX,NYSE,43022,CFRA,BAX,NYSE,2,Coprorate Action Maintained,4,15
TFC,NYSE,43030,CFRA,TFC,NYSE,2,Coprorate Action Maintained,4,15
BBY,NYSE,43034,CFRA,BBY,NYSE,2,Coprorate Action Maintained,4,15
BCE,NYSE,43038,CFRA,BCE,NYSE,2,Coprorate Action Maintained,2,15
BCS,NYSE,43044,CFRA,BCS,NYSE,2,Coprorate Action Maintained,2,15
BDX,NYSE,43049,CFRA,BDX,NYSE,2,Coprorate Action Maintained,4,15
BEN,NYSE,43052,CFRA,BEN,NYSE,2,Coprorate Action Maintained,4,15
BERY,NYSE,43054,CFRA,BERY,NYSE,2,Coprorate Action Maintained,4,15
BG,NYSE,43061,CFRA,BG,NYSE,2,Coprorate Action Maintained,4,15
BIG,NYSE,43081,CFRA,BIG,NYSE,2,Coprorate Action Maintained,4,15
BIO,NYSE,43083,CFRA,BIO,NYSE,2,Coprorate Action Maintained,4,15
BK,NYSE,43089,CFRA,BK,NYSE,2,Coprorate Action Maintained,4,15
BKH,NYSE,43092,CFRA,BKH,NYSE,2,Coprorate Action Maintained,4,15
BLK,NYSE,43099,CFRA,BLK,NYSE,2,Coprorate Action Maintained,4,15
BLL,NYSE,43100,CFRA,BLL,NYSE,2,Coprorate Action Maintained,4,15
BMO,NYSE,43108,CFRA,BMO,NYSE,2,Coprorate Action Maintained,2,15
BMY,NYSE,43111,CFRA,BMY,NYSE,2,Coprorate Action Maintained,4,15
BNS,NYSE,43114,CFRA,BNS,NYSE,2,Coprorate Action Maintained,2,15
BOH,NYSE,43117,CFRA,BOH,NYSE,2,Coprorate Action Maintained,4,15
BP,NYSE,43123,CFRA,BP,NYSE,2,Coprorate Action Maintained,2,15
BR,NYSE,43131,CFRA,BR,NYSE,2,Coprorate Action Maintained,4,15
BRO,NYSE,43134,CFRA,BRO,NYSE,2,Coprorate Action Maintained,4,15
BSX,NYSE,43148,CFRA,BSX,NYSE,2,Coprorate Action Maintained,4,15
BUD,NYSE,43158,CFRA,BUD,NYSE,2,Coprorate Action Maintained,2,15
BWA,NYSE,43162,CFRA,BWA,NYSE,2,Coprorate Action Maintained,4,15
BX,NYSE,43167,CFRA,BX,NYSE,2,Coprorate Action Maintained,4,15
BXP,NYSE,43172,CFRA,BXP,NYSE,2,Coprorate Action Maintained,4,15
C,NYSE,43177,CFRA,C,NYSE,2,Coprorate Action Maintained,4,15
CACI,NYSE,43179,CFRA,CACI,NYSE,2,Coprorate Action Maintained,4,15
CAG,NYSE,43182,CFRA,CAG,NYSE,2,Coprorate Action Maintained,4,15
CAH,NYSE,43183,CFRA,CAH,NYSE,2,Coprorate Action Maintained,4,15
CAJ,NYSE,43184,CFRA,CAJ,NYSE,2,Coprorate Action Maintained,2,15
CAT,NYSE,43190,CFRA,CAT,NYSE,2,Coprorate Action Maintained,4,15
CBRE,NYSE,43196,CFRA,CBRE,NYSE,2,Coprorate Action Maintained,4,15
CBT,NYSE,43204,CFRA,CBT,NYSE,2,Coprorate Action Maintained,4,15
CCI,NYSE,43210,CFRA,CCI,NYSE,2,Coprorate Action Maintained,4,15
CCK,NYSE,43212,CFRA,CCK,NYSE,2,Coprorate Action Maintained,4,15
CCL,NYSE,43213,CFRA,CCL,NYSE,2,Coprorate Action Maintained,4,15
CE,NYSE,43222,CFRA,CE,NYSE,2,Coprorate Action Maintained,4,15
CF,NYSE,43232,CFRA,CF,NYSE,2,Coprorate Action Maintained,4,15
CFG,NYSE,43233,CFRA,CFG,NYSE,2,Coprorate Action Maintained,4,15
CFR,NYSE,43236,CFRA,CFR,NYSE,2,Coprorate Action Maintained,4,15
CHD,NYSE,43242,CFRA,CHD,NYSE,2,Coprorate Action Maintained,4,15
CI,NYSE,43256,CFRA,CI,NYSE,2,Coprorate Action Maintained,4,15
CIEN,NYSE,43260,CFRA,CIEN,NYSE,2,Coprorate Action Maintained,4,15
CL,NYSE,43272,CFRA,CL,NYSE,2,Coprorate Action Maintained,4,15
CLB,NYSE,43273,CFRA,CLB,NYSE,2,Coprorate Action Maintained,4,15
CLF,NYSE,43277,CFRA,CLF,NYSE,2,Coprorate Action Maintained,4,15
CLW,NYSE,43284,CFRA,CLW,NYSE,2,Coprorate Action Maintained,4,15
CLX,NYSE,43285,CFRA,CLX,NYSE,2,Coprorate Action Maintained,4,15
CM,NYSE,43286,CFRA,CM,NYSE,2,Coprorate Action Maintained,2,15
CMA,NYSE,43287,CFRA,CMA,NYSE,2,Coprorate Action Maintained,4,15
CMC,NYSE,43288,CFRA,CMC,NYSE,2,Coprorate Action Maintained,4,15
CMG,NYSE,43290,CFRA,CMG,NYSE,2,Coprorate Action Maintained,4,15
CMI,NYSE,43291,CFRA,CMI,NYSE,2,Coprorate Action Maintained,4,15
CMP,NYSE,43296,CFRA,CMP,NYSE,2,Coprorate Action Maintained,4,15
CMS,NYSE,43298,CFRA,CMS,NYSE,2,Coprorate Action Maintained,4,15
CNA,NYSE,43300,CFRA,CNA,NYSE,2,Coprorate Action Maintained,4,15
CNC,NYSE,43301,CFRA,CNC,NYSE,2,Coprorate Action Maintained,4,15
CNHI,NYSE,43303,CFRA,CNHI,NYSE,2,Coprorate Action Maintained,2,15
CNI,NYSE,43304,CFRA,CNI,NYSE,2,Coprorate Action Maintained,2,15
CNP,NYSE,43309,CFRA,CNP,NYSE,2,Coprorate Action Maintained,4,15
CNQ,NYSE,43310,CFRA,CNQ,NYSE,2,Coprorate Action Maintained,2,15
COF,NYSE,43317,CFRA,COF,NYSE,2,Coprorate Action Maintained,4,15
TPR,NYSE,43319,CFRA,TPR,NYSE,2,Coprorate Action Maintained,4,15
COO,NYSE,43321,CFRA,COO,NYSE,2,Coprorate Action Maintained,4,15
COR,NYSE,43323,CFRA,COR,NYSE,2,Coprorate Action Maintained,4,15
COTY,NYSE,43326,CFRA,COTY,NYSE,2,Coprorate Action Maintained,4,15
CP,NYSE,43328,CFRA,CP,NYSE,2,Coprorate Action Maintained,4,15
CPB,NYSE,43331,CFRA,CPB,NYSE,2,Coprorate Action Maintained,4,15
CR,NYSE,43341,CFRA,CR,NYSE,2,Coprorate Action Maintained,4,15
CRI,NYSE,43345,CFRA,CRI,NYSE,2,Coprorate Action Maintained,4,15
CRL,NYSE,43347,CFRA,CRL,NYSE,2,Coprorate Action Maintained,4,15
CRM,NYSE,43348,CFRA,CRM,NYSE,2,Coprorate Action Maintained,4,15
CRS,NYSE,43350,CFRA,CRS,NYSE,2,Coprorate Action Maintained,4,15
CS,NYSE,43353,CFRA,CS,NYSE,2,Coprorate Action Maintained,2,15
CSL,NYSE,43358,CFRA,CSL,NYSE,2,Coprorate Action Maintained,4,15
CSX,NasdaqGS,43365,CFRA,CSX,NASDAQ,1,Coprorate Action Maintained,4,15
CTLT,NYSE,43368,CFRA,CTLT,NYSE,2,Coprorate Action Maintained,4,15
CUBE,NYSE,43373,CFRA,CUBE,NYSE,2,Coprorate Action Maintained,4,15
CVE,NYSE,43379,CFRA,CVE,NYSE,2,Coprorate Action Maintained,2,15
CVS,NYSE,43385,CFRA,CVS,NYSE,2,Coprorate Action Maintained,4,15
CVX,NYSE,43387,CFRA,CVX,NYSE,2,Coprorate Action Maintained,4,15
D,NYSE,43403,CFRA,D,NYSE,2,Coprorate Action Maintained,4,15
DAL,NYSE,43405,CFRA,DAL,NYSE,2,Coprorate Action Maintained,4,15
DAN,NYSE,43406,CFRA,DAN,NYSE,2,Coprorate Action Maintained,4,15
DB,NYSE,43410,CFRA,DB,NYSE,2,Coprorate Action Maintained,2,15
DBD,NYSE,43411,CFRA,DBD,NYSE,2,Coprorate Action Maintained,4,15
DDD,NYSE,43420,CFRA,DDD,NYSE,2,Coprorate Action Maintained,4,15
DDS,NYSE,43424,CFRA,DDS,NYSE,2,Coprorate Action Maintained,4,15
DE,NYSE,43425,CFRA,DE,NYSE,2,Coprorate Action Maintained,4,15
DEO,NYSE,43430,CFRA,DEO,NYSE,2,Coprorate Action Maintained,2,15
DFS,NYSE,43434,CFRA,DFS,NYSE,2,Coprorate Action Maintained,4,15
DG,NYSE,43436,CFRA,DG,NYSE,2,Coprorate Action Maintained,4,15
DGX,NYSE,43438,CFRA,DGX,NYSE,2,Coprorate Action Maintained,4,15
DHI,NYSE,43441,CFRA,DHI,NYSE,2,Coprorate Action Maintained,4,15
DHR,NYSE,43442,CFRA,DHR,NYSE,2,Coprorate Action Maintained,4,15
DIS,NYSE,43447,CFRA,DIS,NYSE,2,Coprorate Action Maintained,4,15
DKS,NYSE,43450,CFRA,DKS,NYSE,2,Coprorate Action Maintained,4,15
DLB,NYSE,43452,CFRA,DLB,NYSE,2,Coprorate Action Maintained,4,15
DLR,NYSE,43454,CFRA,DLR,NYSE,2,Coprorate Action Maintained,4,15
DOV,NYSE,43470,CFRA,DOV,NYSE,2,Coprorate Action Maintained,4,15
DD,NYSE,43471,CFRA,DD,NYSE,2,Coprorate Action Maintained,4,15
DPZ,NYSE,43476,CFRA,DPZ,NYSE,2,Coprorate Action Maintained,4,15
DRE,NYSE,43481,CFRA,DRE,NYSE,2,Coprorate Action Maintained,4,15
DRI,NYSE,43483,CFRA,DRI,NYSE,2,Coprorate Action Maintained,4,15
DTE,NYSE,43494,CFRA,DTE,NYSE,2,Coprorate Action Maintained,4,15
DUK,NYSE,43497,CFRA,DUK,NYSE,2,Coprorate Action Maintained,4,15
DVA,NYSE,43499,CFRA,DVA,NYSE,2,Coprorate Action Maintained,4,15
EAT,NYSE,43509,CFRA,EAT,NYSE,2,Coprorate Action Maintained,4,15
OVV,NYSE,43514,CFRA,OVV,NYSE,2,Coprorate Action Maintained,4,15
ECL,NYSE,43516,CFRA,ECL,NYSE,2,Coprorate Action Maintained,4,15
ED,NYSE,43520,CFRA,ED,NYSE,2,Coprorate Action Maintained,4,15
EDU,NYSE,43527,CFRA,EDU,NYSE,2,Coprorate Action Maintained,2,15
EFX,NYSE,43536,CFRA,EFX,NYSE,2,Coprorate Action Maintained,4,15
EGP,NYSE,43541,CFRA,EGP,NYSE,2,Coprorate Action Maintained,4,15
EIX,NYSE,43546,CFRA,EIX,NYSE,2,Coprorate Action Maintained,4,15
EL,NYSE,43548,CFRA,EL,NYSE,2,Coprorate Action Maintained,4,15
ELY,NYSE,43553,CFRA,ELY,NYSE,2,Coprorate Action Maintained,4,15
EMN,NYSE,43559,CFRA,EMN,NYSE,2,Coprorate Action Maintained,4,15
EMR,NYSE,43561,CFRA,EMR,NYSE,2,Coprorate Action Maintained,4,15
EPAM,NYSE,43580,CFRA,EPAM,NYSE,2,Coprorate Action Maintained,4,15
EQR,NYSE,43586,CFRA,EQR,NYSE,2,Coprorate Action Maintained,4,15
EQT,NYSE,43588,CFRA,EQT,NYSE,2,Coprorate Action Maintained,4,15
ERJ,NYSE,43592,CFRA,ERJ,NYSE,2,Coprorate Action Maintained,2,15
ESS,NYSE,43601,CFRA,ESS,NYSE,2,Coprorate Action Maintained,4,15
ETN,NYSE,43609,CFRA,ETN,NYSE,2,Coprorate Action Maintained,4,15
ETR,NYSE,43612,CFRA,ETR,NYSE,2,Coprorate Action Maintained,4,15
EVR,NYSE,43627,CFRA,EVR,NYSE,2,Coprorate Action Maintained,4,15
EW,NYSE,43630,CFRA,EW,NYSE,2,Coprorate Action Maintained,4,15
EXC,NasdaqGS,43633,CFRA,EXC,NASDAQ,1,Coprorate Action Maintained,4,15
EXP,NYSE,43639,CFRA,EXP,NYSE,2,Coprorate Action Maintained,4,15
EXR,NYSE,43641,CFRA,EXR,NYSE,2,Coprorate Action Maintained,4,15
F,NYSE,43642,CFRA,F,NYSE,2,Coprorate Action Maintained,4,15
FBHS,NYSE,43648,CFRA,FBHS,NYSE,2,Coprorate Action Maintained,4,15
STLA,NYSE,43652,CFRA,STLA,NYSE,2,Coprorate Action Maintained,2,15
FDS,NYSE,43662,CFRA,FDS,NYSE,2,Coprorate Action Maintained,4,15
FDX,NYSE,43663,CFRA,FDX,NYSE,2,Coprorate Action Maintained,4,15
FE,NYSE,43664,CFRA,FE,NYSE,2,Coprorate Action Maintained,4,15
FHN,NYSE,43677,CFRA,FHN,NYSE,2,Coprorate Action Maintained,4,15
FICO,NYSE,43680,CFRA,FICO,NYSE,2,Coprorate Action Maintained,4,15
FHI,NYSE,43683,CFRA,FHI,NYSE,2,Coprorate Action Maintained,4,15
FIS,NYSE,43684,CFRA,FIS,NYSE,2,Coprorate Action Maintained,4,15
FL,NYSE,43686,CFRA,FL,NYSE,2,Coprorate Action Maintained,4,15
FLO,NYSE,43688,CFRA,FLO,NYSE,2,Coprorate Action Maintained,4,15
FLR,NYSE,43689,CFRA,FLR,NYSE,2,Coprorate Action Maintained,4,15
FLS,NYSE,43690,CFRA,FLS,NYSE,2,Coprorate Action Maintained,4,15
FLT,NYSE,43691,CFRA,FLT,NYSE,2,Coprorate Action Maintained,4,15
FMC,NYSE,43694,CFRA,FMC,NYSE,2,Coprorate Action Maintained,4,15
FMS,NYSE,43698,CFRA,FMS,NYSE,2,Coprorate Action Maintained,2,15
FNF,NYSE,43704,CFRA,FNF,NYSE,2,Coprorate Action Maintained,4,15
FR,NYSE,43714,CFRA,FR,NYSE,2,Coprorate Action Maintained,4,15
FRT,NYSE,43719,CFRA,FRT,NYSE,2,Coprorate Action Maintained,4,15
FTI,NYSE,43726,CFRA,FTI,NYSE,2,Coprorate Action Maintained,4,15
G,NYSE,43734,CFRA,G,NYSE,2,Coprorate Action Maintained,4,15
ITGR,NYSE,43738,CFRA,ITGR,NYSE,2,Coprorate Action Maintained,4,15
TGNA,NYSE,43745,CFRA,TGNA,NYSE,2,Coprorate Action Maintained,4,15
GD,NYSE,43748,CFRA,GD,NYSE,2,Coprorate Action Maintained,4,15
GE,NYSE,43755,CFRA,GE,NYSE,2,Coprorate Action Maintained,4,15
GES,NYSE,43762,CFRA,GES,NYSE,2,Coprorate Action Maintained,4,15
GGG,NYSE,43772,CFRA,GGG,NYSE,2,Coprorate Action Maintained,4,15
GIS,NYSE,43786,CFRA,GIS,NYSE,2,Coprorate Action Maintained,4,15
GLOB,NYSE,43788,CFRA,GLOB,NYSE,2,Coprorate Action Maintained,2,15
GLW,NYSE,43793,CFRA,GLW,NYSE,2,Coprorate Action Maintained,4,15
GM,NYSE,43794,CFRA,GM,NYSE,2,Coprorate Action Maintained,4,15
GMED,NYSE,43796,CFRA,GMED,NYSE,2,Coprorate Action Maintained,4,15
GNRC,NYSE,43803,CFRA,GNRC,NYSE,2,Coprorate Action Maintained,4,15
GPC,NYSE,43809,CFRA,GPC,NYSE,2,Coprorate Action Maintained,4,15
GPI,NYSE,43810,CFRA,GPI,NYSE,2,Coprorate Action Maintained,4,15
GPN,NYSE,43813,CFRA,GPN,NYSE,2,Coprorate Action Maintained,4,15
GPS,NYSE,43815,CFRA,GPS,NYSE,2,Coprorate Action Maintained,4,15
GS,NYSE,43824,CFRA,GS,NYSE,2,Coprorate Action Maintained,4,15
GSK,NYSE,43827,CFRA,GSK,NYSE,2,Coprorate Action Maintained,2,15
GWW,NYSE,43838,CFRA,GWW,NYSE,2,Coprorate Action Maintained,4,15
H,NYSE,43842,CFRA,H,NYSE,2,Coprorate Action Maintained,4,15
HAL,NYSE,43844,CFRA,HAL,NYSE,2,Coprorate Action Maintained,4,15
HBI,NYSE,43847,CFRA,HBI,NYSE,2,Coprorate Action Maintained,4,15
HCA,NYSE,43849,CFRA,HCA,NYSE,2,Coprorate Action Maintained,4,15
WELL,NYSE,43853,CFRA,WELL,NYSE,2,Coprorate Action Maintained,4,15
PEAK,NYSE,43854,CFRA,PEAK,NYSE,2,Coprorate Action Maintained,4,15
HD,NYSE,43855,CFRA,HD,NYSE,2,Coprorate Action Maintained,4,15
HE,NYSE,43857,CFRA,HE,NYSE,2,Coprorate Action Maintained,4,15
HEI,NYSE,43858,CFRA,HEI,NYSE,2,Coprorate Action Maintained,4,15
HES,NYSE,43862,CFRA,HES,NYSE,2,Coprorate Action Maintained,4,15
HFC,NYSE,43864,CFRA,HFC,NYSE,2,Coprorate Action Maintained,4,15
HIG,NYSE,43874,CFRA,HIG,NYSE,2,Coprorate Action Maintained,4,15
HII,NYSE,43875,CFRA,HII,NYSE,2,Coprorate Action Maintained,4,15
HLF,NYSE,43883,CFRA,HLF,NYSE,2,Coprorate Action Maintained,4,15
HLT,NYSE,43885,CFRA,HLT,NYSE,2,Coprorate Action Maintained,4,15
HMC,NYSE,43887,CFRA,HMC,NYSE,2,Coprorate Action Maintained,2,15
HOG,NYSE,43896,CFRA,HOG,NYSE,2,Coprorate Action Maintained,4,15
HON,NasdaqGS,43897,CFRA,HON,NASDAQ,1,Coprorate Action Maintained,4,15
HP,NYSE,43901,CFRA,HP,NYSE,2,Coprorate Action Maintained,4,15
HPQ,NYSE,43905,CFRA,HPQ,NYSE,2,Coprorate Action Maintained,4,15
SVC,NasdaqGS,43907,CFRA,SVC,NASDAQ,1,Coprorate Action Maintained,4,15
HRC,NYSE,43913,CFRA,HRC,NYSE,2,Coprorate Action Maintained,4,15
HRL,NYSE,43915,CFRA,HRL,NYSE,2,Coprorate Action Maintained,4,15
LHX,NYSE,43916,CFRA,LHX,NYSE,2,Coprorate Action Maintained,4,15
HSBC,NYSE,43918,CFRA,HSBC,NYSE,2,Coprorate Action Maintained,2,15
HSY,NYSE,43922,CFRA,HSY,NYSE,2,Coprorate Action Maintained,4,15
HUM,NYSE,43933,CFRA,HUM,NYSE,2,Coprorate Action Maintained,4,15
HUN,NYSE,43934,CFRA,HUN,NYSE,2,Coprorate Action Maintained,4,15
HXL,NYSE,43938,CFRA,HXL,NYSE,2,Coprorate Action Maintained,4,15
IBM,NYSE,43950,CFRA,IBM,NYSE,2,Coprorate Action Maintained,4,15
ICE,NYSE,43956,CFRA,ICE,NYSE,2,Coprorate Action Maintained,4,15
IFF,NYSE,43962,CFRA,IFF,NYSE,2,Coprorate Action Maintained,4,15
INFY,NYSE,43986,CFRA,INFY,NYSE,2,Coprorate Action Maintained,2,15
ING,NYSE,43987,CFRA,ING,NYSE,2,Coprorate Action Maintained,2,15
INGR,NYSE,43988,CFRA,INGR,NYSE,2,Coprorate Action Maintained,4,15
IP,NYSE,43995,CFRA,IP,NYSE,2,Coprorate Action Maintained,4,15
IPG,NYSE,43996,CFRA,IPG,NYSE,2,Coprorate Action Maintained,4,15
IR,NYSE,44000,CFRA,IR,NYSE,2,Coprorate Action Maintained,4,15
IRM,NYSE,44004,CFRA,IRM,NYSE,2,Coprorate Action Maintained,4,15
IT,NYSE,44009,CFRA,IT,NYSE,2,Coprorate Action Maintained,4,15
ITT,NYSE,44012,CFRA,ITT,NYSE,2,Coprorate Action Maintained,4,15
ITW,NYSE,44014,CFRA,ITW,NYSE,2,Coprorate Action Maintained,4,15
IVZ,NYSE,44018,CFRA,IVZ,NYSE,2,Coprorate Action Maintained,4,15
JBL,NYSE,44021,CFRA,JBL,NYSE,2,Coprorate Action Maintained,4,15
JCI,NYSE,44024,CFRA,JCI,NYSE,2,Coprorate Action Maintained,4,15
J,NYSE,44028,CFRA,J,NYSE,2,Coprorate Action Maintained,4,15
JKS,NYSE,44039,CFRA,JKS,NYSE,2,Coprorate Action Maintained,2,15
JNJ,NYSE,44049,CFRA,JNJ,NYSE,2,Coprorate Action Maintained,4,15
JNPR,NYSE,44050,CFRA,JNPR,NYSE,2,Coprorate Action Maintained,4,15
JPM,NYSE,44059,CFRA,JPM,NYSE,2,Coprorate Action Maintained,4,15
JWN,NYSE,44070,CFRA,JWN,NYSE,2,Coprorate Action Maintained,4,15
K,NYSE,44071,CFRA,K,NYSE,2,Coprorate Action Maintained,4,15
KAR,NYSE,44074,CFRA,KAR,NYSE,2,Coprorate Action Maintained,4,15
KBH,NYSE,44077,CFRA,KBH,NYSE,2,Coprorate Action Maintained,4,15
KEP,NYSE,44085,CFRA,KEP,NYSE,2,Coprorate Action Maintained,2,15
KEX,NYSE,44086,CFRA,KEX,NYSE,2,Coprorate Action Maintained,4,15
KEY,NYSE,44087,CFRA,KEY,NYSE,2,Coprorate Action Maintained,4,15
KEYS,NYSE,44088,CFRA,KEYS,NYSE,2,Coprorate Action Maintained,4,15
KIM,NYSE,44094,CFRA,KIM,NYSE,2,Coprorate Action Maintained,4,15
KKR,NYSE,44098,CFRA,KKR,NYSE,2,Coprorate Action Maintained,4,15
KMB,NYSE,44099,CFRA,KMB,NYSE,2,Coprorate Action Maintained,4,15
KMI,NYSE,44102,CFRA,KMI,NYSE,2,Coprorate Action Maintained,4,15
KMT,NYSE,44105,CFRA,KMT,NYSE,2,Coprorate Action Maintained,4,15
KMX,NYSE,44106,CFRA,KMX,NYSE,2,Coprorate Action Maintained,4,15
KNX,NYSE,44112,CFRA,KNX,NYSE,2,Coprorate Action Maintained,4,15
KO,NYSE,44113,CFRA,KO,NYSE,2,Coprorate Action Maintained,4,15
KR,NYSE,44119,CFRA,KR,NYSE,2,Coprorate Action Maintained,4,15
KSS,NYSE,44126,CFRA,KSS,NYSE,2,Coprorate Action Maintained,4,15
KSU,NYSE,44128,CFRA,KSU,NYSE,2,Coprorate Action Maintained,4,15
L,NYSE,44136,CFRA,L,NYSE,2,Coprorate Action Maintained,4,15
LAD,NYSE,44137,CFRA,LAD,NYSE,2,Coprorate Action Maintained,4,15
LAZ,NYSE,44140,CFRA,LAZ,NYSE,2,Coprorate Action Maintained,4,15
BBWI,NYSE,44141,CFRA,BBWI,NYSE,2,Coprorate Action Maintained,4,15
LDOS,NYSE,44148,CFRA,LDOS,NYSE,2,Coprorate Action Maintained,4,15
LEA,NYSE,44151,CFRA,LEA,NYSE,2,Coprorate Action Maintained,4,15
LEN,NYSE,44156,CFRA,LEN,NYSE,2,Coprorate Action Maintained,4,15
LFC,NYSE,44160,CFRA,LFC,NYSE,2,Coprorate Action Maintained,2,15
LH,NYSE,44165,CFRA,LH,NYSE,2,Coprorate Action Maintained,4,15
LII,NYSE,44167,CFRA,LII,NYSE,2,Coprorate Action Maintained,4,15
LLY,NYSE,44171,CFRA,LLY,NYSE,2,Coprorate Action Maintained,4,15
LMT,NYSE,44173,CFRA,LMT,NYSE,2,Coprorate Action Maintained,4,15
LNC,NYSE,44174,CFRA,LNC,NYSE,2,Coprorate Action Maintained,4,15
LNT,NasdaqGS,44178,CFRA,LNT,NASDAQ,1,Coprorate Action Maintained,4,15
LOW,NYSE,44182,CFRA,LOW,NYSE,2,Coprorate Action Maintained,4,15
LPX,NYSE,44187,CFRA,LPX,NYSE,2,Coprorate Action Maintained,4,15
JEF,NYSE,44194,CFRA,JEF,NYSE,2,Coprorate Action Maintained,4,15
LUV,NYSE,44195,CFRA,LUV,NYSE,2,Coprorate Action Maintained,4,15
LVS,NYSE,44198,CFRA,LVS,NYSE,2,Coprorate Action Maintained,4,15
LYB,NYSE,44204,CFRA,LYB,NYSE,2,Coprorate Action Maintained,4,15
LYV,NYSE,44206,CFRA,LYV,NYSE,2,Coprorate Action Maintained,4,15
M,NYSE,44208,CFRA,M,NYSE,2,Coprorate Action Maintained,4,15
MA,NYSE,44209,CFRA,MA,NYSE,2,Coprorate Action Maintained,4,15
MAA,NYSE,44210,CFRA,MAA,NYSE,2,Coprorate Action Maintained,4,15
MAC,NYSE,44211,CFRA,MAC,NYSE,2,Coprorate Action Maintained,4,15
MAS,NYSE,44215,CFRA,MAS,NYSE,2,Coprorate Action Maintained,4,15
MCD,NYSE,44224,CFRA,MCD,NYSE,2,Coprorate Action Maintained,4,15
MCK,NYSE,44226,CFRA,MCK,NYSE,2,Coprorate Action Maintained,4,15
MCO,NYSE,44228,CFRA,MCO,NYSE,2,Coprorate Action Maintained,4,15
MD,NYSE,44233,CFRA,MD,NYSE,2,Coprorate Action Maintained,4,15
MDT,NYSE,44238,CFRA,MDT,NYSE,2,Coprorate Action Maintained,4,15
MDU,NYSE,44239,CFRA,MDU,NYSE,2,Coprorate Action Maintained,4,15
MET,NYSE,44245,CFRA,MET,NYSE,2,Coprorate Action Maintained,4,15
MFC,NYSE,44247,CFRA,MFC,NYSE,2,Coprorate Action Maintained,2,15
MGA,NYSE,44255,CFRA,MGA,NYSE,2,Coprorate Action Maintained,2,15
MHK,NYSE,44264,CFRA,MHK,NYSE,2,Coprorate Action Maintained,4,15
MKC,NYSE,44280,CFRA,MKC,NYSE,2,Coprorate Action Maintained,4,15
MKL,NYSE,44281,CFRA,MKL,NYSE,2,Coprorate Action Maintained,4,15
MLM,NYSE,44283,CFRA,MLM,NYSE,2,Coprorate Action Maintained,4,15
MMC,NYSE,44287,CFRA,MMC,NYSE,2,Coprorate Action Maintained,4,15
MMM,NYSE,44290,CFRA,MMM,NYSE,2,Coprorate Action Maintained,4,15
MO,NYSE,44301,CFRA,MO,NYSE,2,Coprorate Action Maintained,4,15
MOH,NYSE,44304,CFRA,MOH,NYSE,2,Coprorate Action Maintained,4,15
MOS,NYSE,44307,CFRA,MOS,NYSE,2,Coprorate Action Maintained,4,15
MPC,NYSE,44310,CFRA,MPC,NYSE,2,Coprorate Action Maintained,4,15
MRK,NYSE,44323,CFRA,MRK,NYSE,2,Coprorate Action Maintained,4,15
MRO,NYSE,44324,CFRA,MRO,NYSE,2,Coprorate Action Maintained,4,15
MS,NYSE,44325,CFRA,MS,NYSE,2,Coprorate Action Maintained,4,15
MSCI,NYSE,44328,CFRA,MSCI,NYSE,2,Coprorate Action Maintained,4,15
MSI,NYSE,44331,CFRA,MSI,NYSE,2,Coprorate Action Maintained,4,15
MTB,NYSE,44337,CFRA,MTB,NYSE,2,Coprorate Action Maintained,4,15
MTD,NYSE,44338,CFRA,MTD,NYSE,2,Coprorate Action Maintained,4,15
MTH,NYSE,44341,CFRA,MTH,NYSE,2,Coprorate Action Maintained,4,15
MTN,NYSE,44343,CFRA,MTN,NYSE,2,Coprorate Action Maintained,4,15
MTX,NYSE,44351,CFRA,MTX,NYSE,2,Coprorate Action Maintained,4,15
MUR,NYSE,44359,CFRA,MUR,NYSE,2,Coprorate Action Maintained,4,15
MXL,NYSE,44375,CFRA,MXL,NYSE,2,Coprorate Action Maintained,4,15
NCR,NYSE,44407,CFRA,NCR,NYSE,2,Coprorate Action Maintained,4,15
NEE,NYSE,44416,CFRA,NEE,NYSE,2,Coprorate Action Maintained,4,15
NEM,NYSE,44418,CFRA,NEM,NYSE,2,Coprorate Action Maintained,4,15
NEWR,NYSE,44424,CFRA,NEWR,NYSE,2,Coprorate Action Maintained,4,15
NFG,NYSE,44425,CFRA,NFG,NYSE,2,Coprorate Action Maintained,4,15
NGG,NYSE,44428,CFRA,NGG,NYSE,2,Coprorate Action Maintained,2,15
NI,NYSE,44435,CFRA,NI,NYSE,2,Coprorate Action Maintained,4,15
NJR,NYSE,44442,CFRA,NJR,NYSE,2,Coprorate Action Maintained,4,15
NKE,NYSE,44444,CFRA,NKE,NYSE,2,Coprorate Action Maintained,4,15
NLSN,NYSE,44449,CFRA,NLSN,NYSE,2,Coprorate Action Maintained,4,15
NLY,NYSE,44450,CFRA,NLY,NYSE,2,Coprorate Action Maintained,4,15
NNN,NYSE,44465,CFRA,NNN,NYSE,2,Coprorate Action Maintained,4,15
NOC,NYSE,44470,CFRA,NOC,NYSE,2,Coprorate Action Maintained,4,15
NOK,NYSE,44471,CFRA,NOK,NYSE,2,Coprorate Action Maintained,2,15
NOV,NYSE,44474,CFRA,NOV,NYSE,2,Coprorate Action Maintained,4,15
NOW,NYSE,44475,CFRA,NOW,NYSE,2,Coprorate Action Maintained,4,15
NRG,NYSE,44495,CFRA,NRG,NYSE,2,Coprorate Action Maintained,4,15
NSC,NYSE,44502,CFRA,NSC,NYSE,2,Coprorate Action Maintained,4,15
NUE,NYSE,44517,CFRA,NUE,NYSE,2,Coprorate Action Maintained,4,15
NVR,NYSE,44525,CFRA,NVR,NYSE,2,Coprorate Action Maintained,4,15
NVS,NYSE,44527,CFRA,NVS,NYSE,2,Coprorate Action Maintained,2,15
NWL,NasdaqGS,44531,CFRA,NWL,NASDAQ,1,Coprorate Action Maintained,4,15
NWN,NYSE,44532,CFRA,NWN,NYSE,2,Coprorate Action Maintained,4,15
NYCB,NYSE,44541,CFRA,NYCB,NYSE,2,Coprorate Action Maintained,4,15
NYT,NYSE,44544,CFRA,NYT,NYSE,2,Coprorate Action Maintained,4,15
O,NYSE,44545,CFRA,O,NYSE,2,Coprorate Action Maintained,4,15
OC,NYSE,44551,CFRA,OC,NYSE,2,Coprorate Action Maintained,4,15
OGE,NYSE,44560,CFRA,OGE,NYSE,2,Coprorate Action Maintained,4,15
OGS,NYSE,44561,CFRA,OGS,NYSE,2,Coprorate Action Maintained,4,15
OI,NYSE,44563,CFRA,OI,NYSE,2,Coprorate Action Maintained,4,15
OKE,NYSE,44568,CFRA,OKE,NYSE,2,Coprorate Action Maintained,4,15
OLN,NYSE,44570,CFRA,OLN,NYSE,2,Coprorate Action Maintained,4,15
OMC,NYSE,44573,CFRA,OMC,NYSE,2,Coprorate Action Maintained,4,15
OMI,NYSE,44576,CFRA,OMI,NYSE,2,Coprorate Action Maintained,4,15
ORA,NYSE,44583,CFRA,ORA,NYSE,2,Coprorate Action Maintained,4,15
ORAN,NYSE,44584,CFRA,ORAN,NYSE,2,Coprorate Action Maintained,2,15
OSK,NYSE,44587,CFRA,OSK,NYSE,2,Coprorate Action Maintained,4,15
OXY,NYSE,44591,CFRA,OXY,NYSE,2,Coprorate Action Maintained,4,15
PAG,NYSE,44597,CFRA,PAG,NYSE,2,Coprorate Action Maintained,4,15
PANW,NYSE,44602,CFRA,PANW,NYSE,2,Coprorate Action Maintained,4,15
PAYC,NYSE,44605,CFRA,PAYC,NYSE,2,Coprorate Action Maintained,4,15
PBH,NYSE,44610,CFRA,PBH,NYSE,2,Coprorate Action Maintained,4,15
PBI,NYSE,44611,CFRA,PBI,NYSE,2,Coprorate Action Maintained,4,15
PBR,NYSE,44612,CFRA,PBR,NYSE,2,Coprorate Action Maintained,2,15
PEG,NYSE,44631,CFRA,PEG,NYSE,2,Coprorate Action Maintained,4,15
PEP,NasdaqGS,44634,CFRA,PEP,NASDAQ,1,Coprorate Action Maintained,4,15
PFE,NYSE,44639,CFRA,PFE,NYSE,2,Coprorate Action Maintained,4,15
PFG,NasdaqGS,44640,CFRA,PFG,NASDAQ,1,Coprorate Action Maintained,4,15
PG,NYSE,44646,CFRA,PG,NYSE,2,Coprorate Action Maintained,4,15
PGR,NYSE,44652,CFRA,PGR,NYSE,2,Coprorate Action Maintained,4,15
PH,NYSE,44655,CFRA,PH,NYSE,2,Coprorate Action Maintained,4,15
PHM,NYSE,44661,CFRA,PHM,NYSE,2,Coprorate Action Maintained,4,15
PKG,NYSE,44670,CFRA,PKG,NYSE,2,Coprorate Action Maintained,4,15
PKI,NYSE,44671,CFRA,PKI,NYSE,2,Coprorate Action Maintained,4,15
PKX,NYSE,44673,CFRA,PKX,NYSE,2,Coprorate Action Maintained,2,15
PLD,NYSE,44675,CFRA,PLD,NYSE,2,Coprorate Action Maintained,4,15
POLY,NYSE,44678,CFRA,POLY,NYSE,2,Coprorate Action Maintained,4,15
PM,NYSE,44679,CFRA,PM,NYSE,2,Coprorate Action Maintained,4,15
PNC,NYSE,44688,CFRA,PNC,NYSE,2,Coprorate Action Maintained,4,15
PNM,NYSE,44692,CFRA,PNM,NYSE,2,Coprorate Action Maintained,4,15
PNR,NYSE,44693,CFRA,PNR,NYSE,2,Coprorate Action Maintained,4,15
PNW,NYSE,44694,CFRA,PNW,NYSE,2,Coprorate Action Maintained,4,15
POR,NYSE,44699,CFRA,POR,NYSE,2,Coprorate Action Maintained,4,15
PPG,NYSE,44702,CFRA,PPG,NYSE,2,Coprorate Action Maintained,4,15
PPL,NYSE,44703,CFRA,PPL,NYSE,2,Coprorate Action Maintained,4,15
PRGO,NYSE,44712,CFRA,PRGO,NYSE,2,Coprorate Action Maintained,4,15
PRU,NYSE,44716,CFRA,PRU,NYSE,2,Coprorate Action Maintained,4,15
PSA,NYSE,44717,CFRA,PSA,NYSE,2,Coprorate Action Maintained,4,15
PSB,NYSE,44718,CFRA,PSB,NYSE,2,Coprorate Action Maintained,4,15
PSO,NYSE,44721,CFRA,PSO,NYSE,2,Coprorate Action Maintained,2,15
PSX,NYSE,44722,CFRA,PSX,NYSE,2,Coprorate Action Maintained,4,15
PTR,NYSE,44726,CFRA,PTR,NYSE,2,Coprorate Action Maintained,2,15
PVH,NYSE,44731,CFRA,PVH,NYSE,2,Coprorate Action Maintained,4,15
PWR,NYSE,44733,CFRA,PWR,NYSE,2,Coprorate Action Maintained,4,15
PXD,NYSE,44735,CFRA,PXD,NYSE,2,Coprorate Action Maintained,4,15
R,NYSE,44749,CFRA,R,NYSE,2,Coprorate Action Maintained,4,15
RAD,NYSE,44750,CFRA,RAD,NYSE,2,Coprorate Action Maintained,4,15
RCL,NYSE,44761,CFRA,RCL,NYSE,2,Coprorate Action Maintained,4,15
RE,NYSE,44766,CFRA,RE,NYSE,2,Coprorate Action Maintained,4,15
REG,NasdaqGS,44767,CFRA,REG,NASDAQ,1,Coprorate Action Maintained,4,15
RF,NYSE,44775,CFRA,RF,NYSE,2,Coprorate Action Maintained,4,15
RH,NYSE,44784,CFRA,RH,NYSE,2,Coprorate Action Maintained,4,15
RHI,NYSE,44785,CFRA,RHI,NYSE,2,Coprorate Action Maintained,4,15
RIG,NYSE,44789,CFRA,RIG,NYSE,2,Coprorate Action Maintained,4,15
RIO,NYSE,44791,CFRA,RIO,NYSE,2,Coprorate Action Maintained,2,15
RJF,NYSE,44794,CFRA,RJF,NYSE,2,Coprorate Action Maintained,4,15
RL,NYSE,44797,CFRA,RL,NYSE,2,Coprorate Action Maintained,4,15
RMD,NYSE,44805,CFRA,RMD,NYSE,2,Coprorate Action Maintained,4,15
RNG,NYSE,44811,CFRA,RNG,NYSE,2,Coprorate Action Maintained,4,15
RNR,NYSE,44814,CFRA,RNR,NYSE,2,Coprorate Action Maintained,4,15
ROK,NYSE,44816,CFRA,ROK,NYSE,2,Coprorate Action Maintained,4,15
ROL,NYSE,44817,CFRA,ROL,NYSE,2,Coprorate Action Maintained,4,15
ROP,NYSE,44818,CFRA,ROP,NYSE,2,Coprorate Action Maintained,4,15
RPM,NYSE,44821,CFRA,RPM,NYSE,2,Coprorate Action Maintained,4,15
RS,NYSE,44827,CFRA,RS,NYSE,2,Coprorate Action Maintained,4,15
RSG,NYSE,44829,CFRA,RSG,NYSE,2,Coprorate Action Maintained,4,15
RY,NYSE,44841,CFRA,RY,NYSE,2,Coprorate Action Maintained,2,15
SAH,NYSE,44848,CFRA,SAH,NYSE,2,Coprorate Action Maintained,4,15
SAIC,NYSE,44849,CFRA,SAIC,NYSE,2,Coprorate Action Maintained,4,15
SAM,NYSE,44851,CFRA,SAM,NYSE,2,Coprorate Action Maintained,4,15
SAP,NYSE,44853,CFRA,SAP,NYSE,2,Coprorate Action Maintained,2,15
SCHW,NYSE,44866,CFRA,SCHW,NYSE,2,Coprorate Action Maintained,4,15
SEAS,NYSE,44878,CFRA,SEAS,NYSE,2,Coprorate Action Maintained,4,15
SEE,NYSE,44879,CFRA,SEE,NYSE,2,Coprorate Action Maintained,4,15
SF,NYSE,44884,CFRA,SF,NYSE,2,Coprorate Action Maintained,4,15
SHAK,NYSE,44896,CFRA,SHAK,NYSE,2,Coprorate Action Maintained,4,15
SHW,NYSE,44901,CFRA,SHW,NYSE,2,Coprorate Action Maintained,4,15
SIG,NYSE,44903,CFRA,SIG,NYSE,2,Coprorate Action Maintained,4,15
SIX,NYSE,44905,CFRA,SIX,NYSE,2,Coprorate Action Maintained,4,15
SJI,NYSE,44906,CFRA,SJI,NYSE,2,Coprorate Action Maintained,4,15
SJM,NYSE,44907,CFRA,SJM,NYSE,2,Coprorate Action Maintained,4,15
SKT,NYSE,44912,CFRA,SKT,NYSE,2,Coprorate Action Maintained,4,15
SKX,NYSE,44913,CFRA,SKX,NYSE,2,Coprorate Action Maintained,4,15
SLB,NYSE,44914,CFRA,SLB,NYSE,2,Coprorate Action Maintained,4,15
SLG,NYSE,44917,CFRA,SLG,NYSE,2,Coprorate Action Maintained,4,15
SMG,NYSE,44922,CFRA,SMG,NYSE,2,Coprorate Action Maintained,4,15
SMP,NYSE,44926,CFRA,SMP,NYSE,2,Coprorate Action Maintained,4,15
SNA,NYSE,44928,CFRA,SNA,NYSE,2,Coprorate Action Maintained,4,15
SONY,NYSE,44929,CFRA,SONY,NYSE,2,Coprorate Action Maintained,2,15
SNN,NYSE,44932,CFRA,SNN,NYSE,2,Coprorate Action Maintained,2,15
SNV,NYSE,44936,CFRA,SNV,NYSE,2,Coprorate Action Maintained,4,15
SNX,NYSE,44937,CFRA,SNX,NYSE,2,Coprorate Action Maintained,4,15
SO,NYSE,44939,CFRA,SO,NYSE,2,Coprorate Action Maintained,4,15
SON,NYSE,44941,CFRA,SON,NYSE,2,Coprorate Action Maintained,4,15
SPG,NYSE,44947,CFRA,SPG,NYSE,2,Coprorate Action Maintained,4,15
SPR,NYSE,44951,CFRA,SPR,NYSE,2,Coprorate Action Maintained,4,15
SPXC,NYSE,44952,CFRA,SPXC,NYSE,2,Coprorate Action Maintained,4,15
SRE,NYSE,44958,CFRA,SRE,NYSE,2,Coprorate Action Maintained,4,15
LSI,NYSE,44971,CFRA,LSI,NYSE,2,Coprorate Action Maintained,4,15
STM,NYSE,44984,CFRA,STM,NYSE,2,Coprorate Action Maintained,2,15
STT,NYSE,44992,CFRA,STT,NYSE,2,Coprorate Action Maintained,4,15
SU,NYSE,44996,CFRA,SU,NYSE,2,Coprorate Action Maintained,2,15
SUI,NYSE,44997,CFRA,SUI,NYSE,2,Coprorate Action Maintained,4,15
SWK,NYSE,45007,CFRA,SWK,NYSE,2,Coprorate Action Maintained,4,15
SWX,NYSE,45010,CFRA,SWX,NYSE,2,Coprorate Action Maintained,4,15
SYF,NYSE,45019,CFRA,SYF,NYSE,2,Coprorate Action Maintained,4,15
SYK,NYSE,45020,CFRA,SYK,NYSE,2,Coprorate Action Maintained,4,15
SYY,NYSE,45023,CFRA,SYY,NYSE,2,Coprorate Action Maintained,4,15
T,NYSE,45025,CFRA,T,NYSE,2,Coprorate Action Maintained,4,15
TAL,NYSE,45030,CFRA,TAL,NYSE,2,Coprorate Action Maintained,2,15
TAP,NYSE,45032,CFRA,TAP,NYSE,2,Coprorate Action Maintained,4,15
TECK,NYSE,45039,CFRA,TECK,NYSE,2,Coprorate Action Maintained,2,15
TD,NYSE,45044,CFRA,TD,NYSE,2,Coprorate Action Maintained,2,15
TDC,NYSE,45045,CFRA,TDC,NYSE,2,Coprorate Action Maintained,4,15
TDG,NYSE,45047,CFRA,TDG,NYSE,2,Coprorate Action Maintained,4,15
TDS,NYSE,45048,CFRA,TDS,NYSE,2,Coprorate Action Maintained,4,15
TDY,NYSE,45050,CFRA,TDY,NYSE,2,Coprorate Action Maintained,4,15
TEF,NYSE,45052,CFRA,TEF,NYSE,2,Coprorate Action Maintained,2,15
TEL,NYSE,45055,CFRA,TEL,NYSE,2,Coprorate Action Maintained,4,15
TER,NasdaqGS,45059,CFRA,TER,NASDAQ,1,Coprorate Action Maintained,4,15
TEVA,NYSE,45061,CFRA,TEVA,NYSE,2,Coprorate Action Maintained,4,15
TEX,NYSE,45062,CFRA,TEX,NYSE,2,Coprorate Action Maintained,4,15
TFX,NYSE,45063,CFRA,TFX,NYSE,2,Coprorate Action Maintained,4,15
TGT,NYSE,45069,CFRA,TGT,NYSE,2,Coprorate Action Maintained,4,15
THC,NYSE,45070,CFRA,THC,NYSE,2,Coprorate Action Maintained,4,15
THO,NYSE,45072,CFRA,THO,NYSE,2,Coprorate Action Maintained,4,15
THS,NYSE,45075,CFRA,THS,NYSE,2,Coprorate Action Maintained,4,15
TJX,NYSE,45080,CFRA,TJX,NYSE,2,Coprorate Action Maintained,4,15
TM,NYSE,45091,CFRA,TM,NYSE,2,Coprorate Action Maintained,2,15
TMHC,NYSE,45093,CFRA,TMHC,NYSE,2,Coprorate Action Maintained,4,15
GL,NYSE,45094,CFRA,GL,NYSE,2,Coprorate Action Maintained,4,15
TMO,NYSE,45095,CFRA,TMO,NYSE,2,Coprorate Action Maintained,4,15
TOL,NYSE,45103,CFRA,TOL,NYSE,2,Coprorate Action Maintained,4,15
TTE,NYSE,45105,CFRA,TTE,NYSE,2,Coprorate Action Maintained,2,15
TPX,NYSE,45113,CFRA,TPX,NYSE,2,Coprorate Action Maintained,4,15
TRGP,NYSE,45121,CFRA,TRGP,NYSE,2,Coprorate Action Maintained,4,15
TRI,NYSE,45122,CFRA,TRI,NYSE,2,Coprorate Action Maintained,2,15
TRN,NYSE,45125,CFRA,TRN,NYSE,2,Coprorate Action Maintained,4,15
TRP,NYSE,45128,CFRA,TRP,NYSE,2,Coprorate Action Maintained,2,15
TRV,NYSE,45132,CFRA,TRV,NYSE,2,Coprorate Action Maintained,4,15
TSM,NYSE,45140,CFRA,TSM,NYSE,2,Coprorate Action Maintained,2,15
TSN,NYSE,45141,CFRA,TSN,NYSE,2,Coprorate Action Maintained,4,15
TTC,NYSE,45146,CFRA,TTC,NYSE,2,Coprorate Action Maintained,4,15
TU,NYSE,45151,CFRA,TU,NYSE,2,Coprorate Action Maintained,2,15
TWTR,NYSE,45160,CFRA,TWTR,NYSE,2,Coprorate Action Maintained,4,15
TXT,NYSE,45163,CFRA,TXT,NYSE,2,Coprorate Action Maintained,4,15
UAL,NasdaqGS,45170,CFRA,UAL,NASDAQ,1,Coprorate Action Maintained,4,15
UDR,NYSE,45177,CFRA,UDR,NYSE,2,Coprorate Action Maintained,4,15
UGI,NYSE,45181,CFRA,UGI,NYSE,2,Coprorate Action Maintained,4,15
UHS,NYSE,45183,CFRA,UHS,NYSE,2,Coprorate Action Maintained,4,15
UL,NYSE,45187,CFRA,UL,NYSE,2,Coprorate Action Maintained,2,15
UNF,NYSE,45191,CFRA,UNF,NYSE,2,Coprorate Action Maintained,4,15
UNH,NYSE,45192,CFRA,UNH,NYSE,2,Coprorate Action Maintained,4,15
UNM,NYSE,45193,CFRA,UNM,NYSE,2,Coprorate Action Maintained,4,15
UNP,NYSE,45194,CFRA,UNP,NYSE,2,Coprorate Action Maintained,4,15
UPS,NYSE,45197,CFRA,UPS,NYSE,2,Coprorate Action Maintained,4,15
URI,NYSE,45198,CFRA,URI,NYSE,2,Coprorate Action Maintained,4,15
USB,NYSE,45201,CFRA,USB,NYSE,2,Coprorate Action Maintained,4,15
USM,NYSE,45204,CFRA,USM,NYSE,2,Coprorate Action Maintained,4,15
V,NYSE,45213,CFRA,V,NYSE,2,Coprorate Action Maintained,4,15
VALE,NYSE,45216,CFRA,VALE,NYSE,2,Coprorate Action Maintained,2,15
VC,NasdaqGS,45219,CFRA,VC,NASDAQ,1,Coprorate Action Maintained,4,15
VEEV,NYSE,45224,CFRA,VEEV,NYSE,2,Coprorate Action Maintained,4,15
VFC,NYSE,45226,CFRA,VFC,NYSE,2,Coprorate Action Maintained,4,15
VIPS,NYSE,45232,CFRA,VIPS,NYSE,2,Coprorate Action Maintained,2,15
VLO,NYSE,45236,CFRA,VLO,NYSE,2,Coprorate Action Maintained,4,15
VMC,NYSE,45241,CFRA,VMC,NYSE,2,Coprorate Action Maintained,4,15
VMW,NYSE,45245,CFRA,VMW,NYSE,2,Coprorate Action Maintained,4,15
VNO,NYSE,45247,CFRA,VNO,NYSE,2,Coprorate Action Maintained,4,15
VOYA,NYSE,45250,CFRA,VOYA,NYSE,2,Coprorate Action Maintained,4,15
BHC,NYSE,45256,CFRA,BHC,NYSE,2,Coprorate Action Maintained,4,15
VTR,NYSE,45263,CFRA,VTR,NYSE,2,Coprorate Action Maintained,4,15
VZ,NYSE,45268,CFRA,VZ,NYSE,2,Coprorate Action Maintained,4,15
W,NYSE,45269,CFRA,W,NYSE,2,Coprorate Action Maintained,4,15
WAB,NYSE,45270,CFRA,WAB,NYSE,2,Coprorate Action Maintained,4,15
WAT,NYSE,45275,CFRA,WAT,NYSE,2,Coprorate Action Maintained,4,15
WBS,NYSE,45279,CFRA,WBS,NYSE,2,Coprorate Action Maintained,4,15
WCN,NYSE,45283,CFRA,WCN,NYSE,2,Coprorate Action Maintained,4,15
WDAY,NasdaqGS,45285,CFRA,WDAY,NASDAQ,1,Coprorate Action Maintained,4,15
WEC,NYSE,45288,CFRA,WEC,NYSE,2,Coprorate Action Maintained,4,15
WFC,NYSE,45292,CFRA,WFC,NYSE,2,Coprorate Action Maintained,4,15
WGO,NYSE,45296,CFRA,WGO,NYSE,2,Coprorate Action Maintained,4,15
WHR,NYSE,45299,CFRA,WHR,NYSE,2,Coprorate Action Maintained,4,15
WIT,NYSE,45302,CFRA,WIT,NYSE,2,Coprorate Action Maintained,2,15
WLK,NYSE,45306,CFRA,WLK,NYSE,2,Coprorate Action Maintained,4,15
WM,NYSE,45310,CFRA,WM,NYSE,2,Coprorate Action Maintained,4,15
WMB,NYSE,45311,CFRA,WMB,NYSE,2,Coprorate Action Maintained,4,15
WMT,NYSE,45316,CFRA,WMT,NYSE,2,Coprorate Action Maintained,4,15
WNS,NYSE,45320,CFRA,WNS,NYSE,2,Coprorate Action Maintained,2,15
WOR,NYSE,45321,CFRA,WOR,NYSE,2,Coprorate Action Maintained,4,15
WPP,NYSE,45324,CFRA,WPP,NYSE,2,Coprorate Action Maintained,2,15
WRB,NYSE,45329,CFRA,WRB,NYSE,2,Coprorate Action Maintained,4,15
WSM,NYSE,45333,CFRA,WSM,NYSE,2,Coprorate Action Maintained,4,15
WSO,NYSE,45334,CFRA,WSO,NYSE,2,Coprorate Action Maintained,4,15
WST,NYSE,45336,CFRA,WST,NYSE,2,Coprorate Action Maintained,4,15
WTS,NYSE,45340,CFRA,WTS,NYSE,2,Coprorate Action Maintained,4,15
WU,NYSE,45342,CFRA,WU,NYSE,2,Coprorate Action Maintained,4,15
WWE,NYSE,45345,CFRA,WWE,NYSE,2,Coprorate Action Maintained,4,15
WY,NYSE,45348,CFRA,WY,NYSE,2,Coprorate Action Maintained,4,15
TNL,NYSE,45349,CFRA,TNL,NYSE,2,Coprorate Action Maintained,4,15
X,NYSE,45350,CFRA,X,NYSE,2,Coprorate Action Maintained,4,15
XEL,NasdaqGS,45353,CFRA,XEL,NASDAQ,1,Coprorate Action Maintained,4,15
XOM,NYSE,45359,CFRA,XOM,NYSE,2,Coprorate Action Maintained,4,15
XPO,NYSE,45362,CFRA,XPO,NYSE,2,Coprorate Action Maintained,4,15
XRX,NasdaqGS,45365,CFRA,XRX,NASDAQ,1,Coprorate Action Maintained,4,15
XYL,NYSE,45367,CFRA,XYL,NYSE,2,Coprorate Action Maintained,4,15
Y,NYSE,45368,CFRA,Y,NYSE,2,Coprorate Action Maintained,4,15
YUM,NYSE,45373,CFRA,YUM,NYSE,2,Coprorate Action Maintained,4,15
ZBH,NYSE,45382,CFRA,ZBH,NYSE,2,Coprorate Action Maintained,4,15
ZTS,NYSE,45388,CFRA,ZTS,NYSE,2,Coprorate Action Maintained,4,15
DECK,NYSE,45392,CFRA,DECK,NYSE,2,Coprorate Action Maintained,4,15
ORCL,NYSE,45396,CFRA,ORCL,NYSE,2,Coprorate Action Maintained,4,15
AAL,NasdaqGS,45402,CFRA,AAL,NASDAQ,1,Coprorate Action Maintained,4,15
AAPL,NasdaqGS,45406,CFRA,AAPL,NASDAQ,1,Coprorate Action Maintained,4,15
ABMD,NasdaqGS,45419,CFRA,ABMD,NASDAQ,1,Coprorate Action Maintained,4,15
ACGL,NasdaqGS,45428,CFRA,ACGL,NASDAQ,1,Coprorate Action Maintained,4,15
ADBE,NasdaqGS,45447,CFRA,ADBE,NASDAQ,1,Coprorate Action Maintained,4,15
ADI,NasdaqGS,45450,CFRA,ADI,NASDAQ,1,Coprorate Action Maintained,4,15
ADP,NasdaqGS,45455,CFRA,ADP,NASDAQ,1,Coprorate Action Maintained,4,15
ADSK,NasdaqGS,45460,CFRA,ADSK,NASDAQ,1,Coprorate Action Maintained,4,15
ADTN,NasdaqGS,45461,CFRA,ADTN,NASDAQ,1,Coprorate Action Maintained,4,15
AEIS,NasdaqGS,45468,CFRA,AEIS,NASDAQ,1,Coprorate Action Maintained,4,15
AKAM,NasdaqGS,45499,CFRA,AKAM,NASDAQ,1,Coprorate Action Maintained,4,15
ALGN,NasdaqGS,45507,CFRA,ALGN,NASDAQ,1,Coprorate Action Maintained,4,15
ALGT,NasdaqGS,45508,CFRA,ALGT,NASDAQ,1,Coprorate Action Maintained,4,15
ALKS,NasdaqGS,45510,CFRA,ALKS,NASDAQ,1,Coprorate Action Maintained,4,15
ALNY,NasdaqGS,45513,CFRA,ALNY,NASDAQ,1,Coprorate Action Maintained,4,15
AMAT,NasdaqGS,45522,CFRA,AMAT,NASDAQ,1,Coprorate Action Maintained,4,15
AMBA,NasdaqGS,45523,CFRA,AMBA,NASDAQ,1,Coprorate Action Maintained,4,15
AMCX,NasdaqGS,45528,CFRA,AMCX,NASDAQ,1,Coprorate Action Maintained,4,15
AMGN,NasdaqGS,45531,CFRA,AMGN,NASDAQ,1,Coprorate Action Maintained,4,15
AMKR,NasdaqGS,45533,CFRA,AMKR,NASDAQ,1,Coprorate Action Maintained,4,15
AMZN,NasdaqGS,45549,CFRA,AMZN,NASDAQ,1,Coprorate Action Maintained,4,15
ANSS,NasdaqGS,45561,CFRA,ANSS,NASDAQ,1,Coprorate Action Maintained,4,15
ASML,NasdaqGS,45608,CFRA,ASML,NASDAQ,1,Coprorate Action Maintained,2,15
ASTE,NasdaqGS,45615,CFRA,ASTE,NASDAQ,1,Coprorate Action Maintained,4,15
ATVI,NasdaqGS,45639,CFRA,ATVI,NASDAQ,1,Coprorate Action Maintained,4,15
AVGO,NasdaqGS,45647,CFRA,AVGO,NASDAQ,1,Coprorate Action Maintained,4,15
BBBY,NasdaqGS,45669,CFRA,BBBY,NASDAQ,1,Coprorate Action Maintained,4,15
BB,NYSE,45679,CFRA,BB,NYSE,2,Coprorate Action Maintained,2,15
BIDU,NasdaqGS,45707,CFRA,BIDU,NASDAQ,1,Coprorate Action Maintained,2,15
BIIB,NasdaqGS,45708,CFRA,BIIB,NASDAQ,1,Coprorate Action Maintained,4,15
BJRI,NasdaqGS,45715,CFRA,BJRI,NASDAQ,1,Coprorate Action Maintained,4,15
BLDP,NasdaqGS,45722,CFRA,BLDP,NASDAQ,1,Coprorate Action Maintained,2,15
BMRN,NasdaqGS,45735,CFRA,BMRN,NASDAQ,1,Coprorate Action Maintained,4,15
BRKS,NasdaqGS,45762,CFRA,BRKS,NASDAQ,1,Coprorate Action Maintained,4,15
CAKE,NasdaqGS,45797,CFRA,CAKE,NASDAQ,1,Coprorate Action Maintained,4,15
CASY,NasdaqGS,45819,CFRA,CASY,NASDAQ,1,Coprorate Action Maintained,4,15
CCMP,NasdaqGS,45843,CFRA,CCMP,NASDAQ,1,Coprorate Action Maintained,4,15
CDNS,NasdaqGS,45852,CFRA,CDNS,NASDAQ,1,Coprorate Action Maintained,4,15
CDW,NasdaqGS,45854,CFRA,CDW,NASDAQ,1,Coprorate Action Maintained,4,15
CERN,NasdaqGS,45867,CFRA,CERN,NASDAQ,1,Coprorate Action Maintained,4,15
CG,NasdaqGS,45881,CFRA,CG,NASDAQ,1,Coprorate Action Maintained,4,15
CGNX,NasdaqGS,45884,CFRA,CGNX,NASDAQ,1,Coprorate Action Maintained,4,15
CHKP,NasdaqGS,45896,CFRA,CHKP,NASDAQ,1,Coprorate Action Maintained,2,15
CHRW,NasdaqGS,45902,CFRA,CHRW,NASDAQ,1,Coprorate Action Maintained,4,15
CHTR,NasdaqGS,45903,CFRA,CHTR,NASDAQ,1,Coprorate Action Maintained,4,15
CINF,NasdaqGS,45911,CFRA,CINF,NASDAQ,1,Coprorate Action Maintained,4,15
CMCSA,NasdaqGS,45939,CFRA,CMCSA,NASDAQ,1,Coprorate Action Maintained,4,15
CME,NasdaqGS,45942,CFRA,CME,NASDAQ,1,Coprorate Action Maintained,4,15
CNSL,NasdaqGS,45960,CFRA,CNSL,NASDAQ,1,Coprorate Action Maintained,4,15
COLM,NasdaqGS,45974,CFRA,COLM,NASDAQ,1,Coprorate Action Maintained,4,15
COMM,NasdaqGS,45975,CFRA,COMM,NASDAQ,1,Coprorate Action Maintained,4,15
CONE,NasdaqGS,45977,CFRA,CONE,NASDAQ,1,Coprorate Action Maintained,4,15
COST,NasdaqGS,45984,CFRA,COST,NASDAQ,1,Coprorate Action Maintained,4,15
CPRT,NasdaqGS,45995,CFRA,CPRT,NASDAQ,1,Coprorate Action Maintained,4,15
CRUS,NasdaqGS,46020,CFRA,CRUS,NASDAQ,1,Coprorate Action Maintained,4,15
CSCO,NasdaqGS,46027,CFRA,CSCO,NASDAQ,1,Coprorate Action Maintained,4,15
CSIQ,NasdaqGS,46033,CFRA,CSIQ,NASDAQ,1,Coprorate Action Maintained,2,15
CTAS,NasdaqGS,46041,CFRA,CTAS,NASDAQ,1,Coprorate Action Maintained,4,15
TCOM,NasdaqGS,46052,CFRA,TCOM,NASDAQ,1,Coprorate Action Maintained,2,15
CTSH,NasdaqGS,46055,CFRA,CTSH,NASDAQ,1,Coprorate Action Maintained,4,15
CTXS,NasdaqGS,46058,CFRA,CTXS,NASDAQ,1,Coprorate Action Maintained,4,15
CVLT,NasdaqGS,46069,CFRA,CVLT,NASDAQ,1,Coprorate Action Maintained,4,15
CWST,NasdaqGS,46076,CFRA,CWST,NASDAQ,1,Coprorate Action Maintained,4,15
DIOD,NasdaqGS,46122,CFRA,DIOD,NASDAQ,1,Coprorate Action Maintained,4,15
DISCA,NasdaqGS,46123,CFRA,DISCA,NASDAQ,1,Coprorate Action Maintained,4,15
DISH,NasdaqGS,46126,CFRA,DISH,NASDAQ,1,Coprorate Action Maintained,4,15
DLTR,NasdaqGS,46130,CFRA,DLTR,NASDAQ,1,Coprorate Action Maintained,4,15
DXCM,NasdaqGS,46161,CFRA,DXCM,NASDAQ,1,Coprorate Action Maintained,4,15
EA,NasdaqGS,46173,CFRA,EA,NASDAQ,1,Coprorate Action Maintained,4,15
EBAY,NasdaqGS,46176,CFRA,EBAY,NASDAQ,1,Coprorate Action Maintained,4,15
ENPH,NasdaqGS,46233,CFRA,ENPH,NASDAQ,1,Coprorate Action Maintained,4,15
ENTG,NasdaqGS,46237,CFRA,ENTG,NASDAQ,1,Coprorate Action Maintained,4,15
EQIX,NasdaqGS,46249,CFRA,EQIX,NASDAQ,1,Coprorate Action Maintained,4,15
ERIC,NasdaqGS,46251,CFRA,ERIC,NASDAQ,1,Coprorate Action Maintained,2,15
EWBC,NasdaqGS,46282,CFRA,EWBC,NASDAQ,1,Coprorate Action Maintained,4,15
EXAS,NasdaqGS,46285,CFRA,EXAS,NASDAQ,1,Coprorate Action Maintained,4,15
EXPD,NasdaqGS,46290,CFRA,EXPD,NASDAQ,1,Coprorate Action Maintained,4,15
EXPE,NasdaqGS,46291,CFRA,EXPE,NASDAQ,1,Coprorate Action Maintained,4,15
FAST,NasdaqGS,46302,CFRA,FAST,NASDAQ,1,Coprorate Action Maintained,4,15
FB,NasdaqGS,46304,CFRA,FB,NASDAQ,1,Coprorate Action Maintained,4,15
FFIV,NasdaqGS,46339,CFRA,FFIV,NASDAQ,1,Coprorate Action Maintained,4,15
FISV,NasdaqGS,46350,CFRA,FISV,NASDAQ,1,Coprorate Action Maintained,4,15
FITB,NasdaqGS,46351,CFRA,FITB,NASDAQ,1,Coprorate Action Maintained,4,15
FIVE,NasdaqGS,46352,CFRA,FIVE,NASDAQ,1,Coprorate Action Maintained,4,15
FIZZ,NasdaqGS,46354,CFRA,FIZZ,NASDAQ,1,Coprorate Action Maintained,4,15
FLEX,NasdaqGS,46356,CFRA,FLEX,NASDAQ,1,Coprorate Action Maintained,4,15
FSLR,NasdaqGS,46412,CFRA,FSLR,NASDAQ,1,Coprorate Action Maintained,4,15
FTNT,NasdaqGS,46423,CFRA,FTNT,NASDAQ,1,Coprorate Action Maintained,4,15
FULT,NasdaqGS,46429,CFRA,FULT,NASDAQ,1,Coprorate Action Maintained,4,15
FWRD,NasdaqGS,46435,CFRA,FWRD,NASDAQ,1,Coprorate Action Maintained,4,15
GILD,NasdaqGS,46473,CFRA,GILD,NASDAQ,1,Coprorate Action Maintained,4,15
GNTX,NasdaqGS,46498,CFRA,GNTX,NASDAQ,1,Coprorate Action Maintained,4,15
GOOGL,NasdaqGS,46505,CFRA,GOOGL,NASDAQ,1,Coprorate Action Maintained,4,15
GPRO,NasdaqGS,46509,CFRA,GPRO,NASDAQ,1,Coprorate Action Maintained,4,15
GRMN,NasdaqGS,46514,CFRA,GRMN,NASDAQ,1,Coprorate Action Maintained,4,15
GTLS,NYSE,46525,CFRA,GTLS,NYSE,2,Coprorate Action Maintained,4,15
HAIN,NasdaqGS,46538,CFRA,HAIN,NASDAQ,1,Coprorate Action Maintained,4,15
HAS,NasdaqGS,46542,CFRA,HAS,NASDAQ,1,Coprorate Action Maintained,4,15
HBAN,NasdaqGS,46546,CFRA,HBAN,NASDAQ,1,Coprorate Action Maintained,4,15
HCSG,NasdaqGS,46563,CFRA,HCSG,NASDAQ,1,Coprorate Action Maintained,4,15
HOLX,NasdaqGS,46604,CFRA,HOLX,NASDAQ,1,Coprorate Action Maintained,4,15
HSIC,NasdaqGS,46614,CFRA,HSIC,NASDAQ,1,Coprorate Action Maintained,4,15
IART,NasdaqGS,46642,CFRA,IART,NASDAQ,1,Coprorate Action Maintained,4,15
ICLR,NasdaqGS,46656,CFRA,ICLR,NASDAQ,1,Coprorate Action Maintained,2,15
IDXX,NasdaqGS,46665,CFRA,IDXX,NASDAQ,1,Coprorate Action Maintained,4,15
ILMN,NasdaqGS,46687,CFRA,ILMN,NASDAQ,1,Coprorate Action Maintained,4,15
INCY,NasdaqGS,46701,CFRA,INCY,NASDAQ,1,Coprorate Action Maintained,4,15
INTC,NasdaqGS,46716,CFRA,INTC,NASDAQ,1,Coprorate Action Maintained,4,15
INTU,NasdaqGS,46719,CFRA,INTU,NASDAQ,1,Coprorate Action Maintained,4,15
IPGP,NasdaqGS,46731,CFRA,IPGP,NASDAQ,1,Coprorate Action Maintained,4,15
IONS,NasdaqGS,46750,CFRA,IONS,NASDAQ,1,Coprorate Action Maintained,4,15
ISRG,NasdaqGS,46753,CFRA,ISRG,NASDAQ,1,Coprorate Action Maintained,4,15
ITRI,NasdaqGS,46761,CFRA,ITRI,NASDAQ,1,Coprorate Action Maintained,4,15
JBHT,NasdaqGS,46771,CFRA,JBHT,NASDAQ,1,Coprorate Action Maintained,4,15
JBLU,NasdaqGS,46772,CFRA,JBLU,NASDAQ,1,Coprorate Action Maintained,4,15
JD,NasdaqGS,46777,CFRA,JD,NASDAQ,1,Coprorate Action Maintained,2,15
JKHY,NasdaqGS,46782,CFRA,JKHY,NASDAQ,1,Coprorate Action Maintained,4,15
KLAC,NasdaqGS,46816,CFRA,KLAC,NASDAQ,1,Coprorate Action Maintained,4,15
LAMR,NasdaqGS,46843,CFRA,LAMR,NASDAQ,1,Coprorate Action Maintained,4,15
LECO,NasdaqGS,46862,CFRA,LECO,NASDAQ,1,Coprorate Action Maintained,4,15
LKQ,NasdaqGS,46882,CFRA,LKQ,NASDAQ,1,Coprorate Action Maintained,4,15
LOGI,NasdaqGS,46904,CFRA,LOGI,NASDAQ,1,Coprorate Action Maintained,4,15
LPLA,NasdaqGS,46914,CFRA,LPLA,NASDAQ,1,Coprorate Action Maintained,4,15
LRCX,NasdaqGS,46922,CFRA,LRCX,NASDAQ,1,Coprorate Action Maintained,4,15
LSCC,NasdaqGS,46924,CFRA,LSCC,NASDAQ,1,Coprorate Action Maintained,4,15
LSTR,NasdaqGS,46925,CFRA,LSTR,NASDAQ,1,Coprorate Action Maintained,4,15
LULU,NasdaqGS,46932,CFRA,LULU,NASDAQ,1,Coprorate Action Maintained,4,15
MANH,NasdaqGS,46943,CFRA,MANH,NASDAQ,1,Coprorate Action Maintained,4,15
MANT,NasdaqGS,46944,CFRA,MANT,NASDAQ,1,Coprorate Action Maintained,4,15
MAT,NasdaqGS,46949,CFRA,MAT,NASDAQ,1,Coprorate Action Maintained,4,15
MCHP,NasdaqGS,46967,CFRA,MCHP,NASDAQ,1,Coprorate Action Maintained,4,15
MDLZ,NasdaqGS,46977,CFRA,MDLZ,NASDAQ,1,Coprorate Action Maintained,4,15
MDRX,NasdaqGS,46978,CFRA,MDRX,NASDAQ,1,Coprorate Action Maintained,4,15
MKSI,NasdaqGS,47020,CFRA,MKSI,NASDAQ,1,Coprorate Action Maintained,4,15
MNRO,NasdaqGS,47037,CFRA,MNRO,NASDAQ,1,Coprorate Action Maintained,4,15
MNST,NasdaqGS,47038,CFRA,MNST,NASDAQ,1,Coprorate Action Maintained,4,15
MPWR,NasdaqGS,47054,CFRA,MPWR,NASDAQ,1,Coprorate Action Maintained,4,15
MRVL,NasdaqGS,47065,CFRA,MRVL,NASDAQ,1,Coprorate Action Maintained,4,15
MSFT,NasdaqGS,47070,CFRA,MSFT,NASDAQ,1,Coprorate Action Maintained,4,15
MU,NasdaqGS,47084,CFRA,MU,NASDAQ,1,Coprorate Action Maintained,4,15
NAVI,NasdaqGS,47103,CFRA,NAVI,NASDAQ,1,Coprorate Action Maintained,4,15
NBIX,NasdaqGS,47105,CFRA,NBIX,NASDAQ,1,Coprorate Action Maintained,4,15
NCLH,NYSE,47110,CFRA,NCLH,NYSE,2,Coprorate Action Maintained,4,15
NDAQ,NasdaqGS,47113,CFRA,NDAQ,NASDAQ,1,Coprorate Action Maintained,4,15
NFLX,NasdaqGS,47130,CFRA,NFLX,NASDAQ,1,Coprorate Action Maintained,4,15
NICE,NasdaqGS,47134,CFRA,NICE,NASDAQ,1,Coprorate Action Maintained,2,15
NKTR,NasdaqGS,47138,CFRA,NKTR,NASDAQ,1,Coprorate Action Maintained,4,15
NTAP,NasdaqGS,47155,CFRA,NTAP,NASDAQ,1,Coprorate Action Maintained,4,15
NTCT,NasdaqGS,47156,CFRA,NTCT,NASDAQ,1,Coprorate Action Maintained,4,15
NTES,NasdaqGS,47157,CFRA,NTES,NASDAQ,1,Coprorate Action Maintained,2,15
NTGR,NasdaqGS,47158,CFRA,NTGR,NASDAQ,1,Coprorate Action Maintained,4,15
NTRS,NasdaqGS,47163,CFRA,NTRS,NASDAQ,1,Coprorate Action Maintained,4,15
NUAN,NasdaqGS,47165,CFRA,NUAN,NASDAQ,1,Coprorate Action Maintained,4,15
NVAX,NasdaqGS,47169,CFRA,NVAX,NASDAQ,1,Coprorate Action Maintained,4,15
NVDA,NasdaqGS,47171,CFRA,NVDA,NASDAQ,1,Coprorate Action Maintained,4,15
NWSA,NasdaqGS,47186,CFRA,NWSA,NASDAQ,1,Coprorate Action Maintained,4,15
NXPI,NasdaqGS,47187,CFRA,NXPI,NASDAQ,1,Coprorate Action Maintained,2,15
ODFL,NasdaqGS,47202,CFRA,ODFL,NASDAQ,1,Coprorate Action Maintained,4,15
OLED,NasdaqGS,47214,CFRA,OLED,NASDAQ,1,Coprorate Action Maintained,4,15
ON,NasdaqGS,47224,CFRA,ON,NASDAQ,1,Coprorate Action Maintained,4,15
ORLY,NasdaqGS,47239,CFRA,ORLY,NASDAQ,1,Coprorate Action Maintained,4,15
PAYX,NasdaqGS,47274,CFRA,PAYX,NASDAQ,1,Coprorate Action Maintained,4,15
PBCT,NasdaqGS,47276,CFRA,PBCT,NASDAQ,1,Coprorate Action Maintained,4,15
PCAR,NasdaqGS,47283,CFRA,PCAR,NASDAQ,1,Coprorate Action Maintained,4,15
BKNG,NasdaqGS,47287,CFRA,BKNG,NASDAQ,1,Coprorate Action Maintained,4,15
PDCO,NasdaqGS,47299,CFRA,PDCO,NASDAQ,1,Coprorate Action Maintained,4,15
PEGA,NasdaqGS,47307,CFRA,PEGA,NASDAQ,1,Coprorate Action Maintained,4,15
PENN,NasdaqGS,47310,CFRA,PENN,NASDAQ,1,Coprorate Action Maintained,4,15
PLUG,NasdaqGS,47351,CFRA,PLUG,NASDAQ,1,Coprorate Action Maintained,4,15
PODD,NasdaqGS,47366,CFRA,PODD,NASDAQ,1,Coprorate Action Maintained,4,15
POOL,NasdaqGS,47367,CFRA,POOL,NASDAQ,1,Coprorate Action Maintained,4,15
PTEN,NasdaqGS,47422,CFRA,PTEN,NASDAQ,1,Coprorate Action Maintained,4,15
PZZA,NasdaqGS,47436,CFRA,PZZA,NASDAQ,1,Coprorate Action Maintained,4,15
QCOM,NasdaqGS,47444,CFRA,QCOM,NASDAQ,1,Coprorate Action Maintained,4,15
QGEN,NYSE,47447,CFRA,QGEN,NYSE,2,Coprorate Action Maintained,2,15
QRVO,NasdaqGS,47464,CFRA,QRVO,NASDAQ,1,Coprorate Action Maintained,4,15
REGI,NasdaqGS,47503,CFRA,REGI,NASDAQ,1,Coprorate Action Maintained,4,15
REGN,NasdaqGS,47504,CFRA,REGN,NASDAQ,1,Coprorate Action Maintained,4,15
RGLD,NasdaqGS,47519,CFRA,RGLD,NASDAQ,1,Coprorate Action Maintained,4,15
RMBS,NasdaqGS,47532,CFRA,RMBS,NASDAQ,1,Coprorate Action Maintained,4,15
ROST,NasdaqGS,47550,CFRA,ROST,NASDAQ,1,Coprorate Action Maintained,4,15
SABR,NasdaqGS,47578,CFRA,SABR,NASDAQ,1,Coprorate Action Maintained,4,15
SAFM,NasdaqGS,47580,CFRA,SAFM,NASDAQ,1,Coprorate Action Maintained,4,15
SANM,NasdaqGS,47589,CFRA,SANM,NASDAQ,1,Coprorate Action Maintained,4,15
SAVE,NYSE,47593,CFRA,SAVE,NYSE,2,Coprorate Action Maintained,4,15
SBAC,NasdaqGS,47594,CFRA,SBAC,NASDAQ,1,Coprorate Action Maintained,4,15
SBGI,NasdaqGS,47599,CFRA,SBGI,NASDAQ,1,Coprorate Action Maintained,4,15
SBUX,NasdaqGS,47605,CFRA,SBUX,NASDAQ,1,Coprorate Action Maintained,4,15
SFM,NasdaqGS,47629,CFRA,SFM,NASDAQ,1,Coprorate Action Maintained,4,15
SGEN,NasdaqGS,47635,CFRA,SGEN,NASDAQ,1,Coprorate Action Maintained,4,15
SIRI,NasdaqGS,47670,CFRA,SIRI,NASDAQ,1,Coprorate Action Maintained,4,15
SIVB,NasdaqGS,47672,CFRA,SIVB,NASDAQ,1,Coprorate Action Maintained,4,15
SKYW,NasdaqGS,47679,CFRA,SKYW,NASDAQ,1,Coprorate Action Maintained,4,15
SLAB,NasdaqGS,47681,CFRA,SLAB,NASDAQ,1,Coprorate Action Maintained,4,15
SLGN,NasdaqGS,47683,CFRA,SLGN,NASDAQ,1,Coprorate Action Maintained,4,15
SMTC,NasdaqGS,47704,CFRA,SMTC,NASDAQ,1,Coprorate Action Maintained,4,15
SNPS,NasdaqGS,47715,CFRA,SNPS,NASDAQ,1,Coprorate Action Maintained,4,15
RBBN,NasdaqGS,47726,CFRA,RBBN,NASDAQ,1,Coprorate Action Maintained,4,15
SPWR,NasdaqGS,47751,CFRA,SPWR,NASDAQ,1,Coprorate Action Maintained,4,15
SRCL,NasdaqGS,47758,CFRA,SRCL,NASDAQ,1,Coprorate Action Maintained,4,15
SSYS,NasdaqGS,47771,CFRA,SSYS,NASDAQ,1,Coprorate Action Maintained,2,15
STLD,NasdaqGS,47780,CFRA,STLD,NASDAQ,1,Coprorate Action Maintained,4,15
STX,NasdaqGS,47793,CFRA,STX,NASDAQ,1,Coprorate Action Maintained,4,15
SWKS,NasdaqGS,47807,CFRA,SWKS,NASDAQ,1,Coprorate Action Maintained,4,15
NLOK,NasdaqGS,47811,CFRA,NLOK,NASDAQ,1,Coprorate Action Maintained,4,15
SYNA,NasdaqGS,47813,CFRA,SYNA,NASDAQ,1,Coprorate Action Maintained,4,15
TNDM,NasdaqGS,47884,CFRA,TNDM,NASDAQ,1,Coprorate Action Maintained,4,15
TRIP,NasdaqGS,47899,CFRA,TRIP,NASDAQ,1,Coprorate Action Maintained,4,15
TRMB,NasdaqGS,47901,CFRA,TRMB,NASDAQ,1,Coprorate Action Maintained,4,15
TRMK,NasdaqGS,47902,CFRA,TRMK,NASDAQ,1,Coprorate Action Maintained,4,15
TROW,NasdaqGS,47906,CFRA,TROW,NASDAQ,1,Coprorate Action Maintained,4,15
TSCO,NasdaqGS,47914,CFRA,TSCO,NASDAQ,1,Coprorate Action Maintained,4,15
TSLA,NasdaqGS,47916,CFRA,TSLA,NASDAQ,1,Coprorate Action Maintained,4,15
TTEK,NasdaqGS,47924,CFRA,TTEK,NASDAQ,1,Coprorate Action Maintained,4,15
TTWO,NasdaqGS,47931,CFRA,TTWO,NASDAQ,1,Coprorate Action Maintained,4,15
TXN,NasdaqGS,47940,CFRA,TXN,NASDAQ,1,Coprorate Action Maintained,4,15
ULTA,NasdaqGS,47968,CFRA,ULTA,NASDAQ,1,Coprorate Action Maintained,4,15
UNFI,NYSE,47975,CFRA,UNFI,NYSE,2,Coprorate Action Maintained,4,15
URBN,NasdaqGS,47983,CFRA,URBN,NASDAQ,1,Coprorate Action Maintained,4,15
VOD,NasdaqGS,48040,CFRA,VOD,NASDAQ,1,Coprorate Action Maintained,2,15
VRSK,NasdaqGS,48051,CFRA,VRSK,NASDAQ,1,Coprorate Action Maintained,4,15
VRSN,NasdaqGS,48052,CFRA,VRSN,NASDAQ,1,Coprorate Action Maintained,4,15
VRTX,NasdaqGS,48057,CFRA,VRTX,NASDAQ,1,Coprorate Action Maintained,4,15
WABC,NasdaqGS,48080,CFRA,WABC,NASDAQ,1,Coprorate Action Maintained,4,15
WBA,NasdaqGS,48087,CFRA,WBA,NASDAQ,1,Coprorate Action Maintained,4,15
WDC,NasdaqGS,48091,CFRA,WDC,NASDAQ,1,Coprorate Action Maintained,4,15
WDFC,NasdaqGS,48092,CFRA,WDFC,NASDAQ,1,Coprorate Action Maintained,4,15
WYNN,NasdaqGS,48141,CFRA,WYNN,NASDAQ,1,Coprorate Action Maintained,4,15
XLNX,NasdaqGS,48147,CFRA,XLNX,NASDAQ,1,Coprorate Action Maintained,4,15
XRAY,NasdaqGS,48156,CFRA,XRAY,NASDAQ,1,Coprorate Action Maintained,4,15
YY,NasdaqGS,48167,CFRA,YY,NASDAQ,1,Coprorate Action Maintained,2,15
Z,NasdaqGS,48168,CFRA,Z,NASDAQ,1,Coprorate Action Maintained,4,15
ZBRA,NasdaqGS,48171,CFRA,ZBRA,NASDAQ,1,Coprorate Action Maintained,4,15
ZION,NasdaqGS,48177,CFRA,ZION,NASDAQ,1,Coprorate Action Maintained,4,15
AMD,NasdaqGS,48187,CFRA,AMD,NASDAQ,1,Coprorate Action Maintained,4,15
DOX,NasdaqGS,48188,CFRA,DOX,NASDAQ,1,Coprorate Action Maintained,2,15
GT,NasdaqGS,48190,CFRA,GT,NASDAQ,1,Coprorate Action Maintained,4,15
MAR,NasdaqGS,48191,CFRA,MAR,NASDAQ,1,Coprorate Action Maintained,4,15
ODP,NasdaqGS,48194,CFRA,ODP,NASDAQ,1,Coprorate Action Maintained,4,15
PPC,NasdaqGS,48226,CFRA,PPC,NASDAQ,1,Coprorate Action Maintained,4,15
PTC,NasdaqGS,49341,CFRA,PTC,NASDAQ,1,Coprorate Action Maintained,4,15
RDS.A,NYSE,49401,CFRA,RDS/A,NYSE,2,Coprorate Action Maintained,2,15
SYNH,NasdaqGS,49479,CFRA,SYNH,NASDAQ,1,Coprorate Action Maintained,4,15
SEDG,NasdaqGS,49521,CFRA,SEDG,NASDAQ,1,Coprorate Action Maintained,4,15
BF.B,NYSE,67685,CFRA,BF/B,NYSE,2,Coprorate Action Maintained,4,15
BRK.B,NYSE,67686,CFRA,BRK/B,NYSE,2,Coprorate Action Maintained,4,15
KHC,NasdaqGS,67691,CFRA,KHC,NASDAQ,1,Coprorate Action Maintained,4,15
PYPL,NasdaqGS,67692,CFRA,PYPL,NASDAQ,1,Coprorate Action Maintained,4,15
ES,NYSE,67693,CFRA,ES,NYSE,2,Coprorate Action Maintained,4,15
LNG,NYSEAM,67787,CFRA,LNG,AMEX,3,Coprorate Action Maintained,4,15
NG,NYSEAM,67800,CFRA,NG,AMEX,3,Coprorate Action Maintained,4,15
WRK,NYSE,68507,CFRA,WRK,NYSE,2,Coprorate Action Maintained,4,15
LITE,NasdaqGS,68508,CFRA,LITE,NASDAQ,1,Coprorate Action Maintained,4,15
HPE,NYSE,68511,CFRA,HPE,NYSE,2,Coprorate Action Maintained,4,15
TMUS,NasdaqGS,68526,CFRA,TMUS,NASDAQ,1,Coprorate Action Maintained,4,15
ENR,NYSE,68533,CFRA,ENR,NYSE,2,Coprorate Action Maintained,4,15
WLTW,NasdaqGS,68561,CFRA,WLTW,NASDAQ,1,Coprorate Action Maintained,4,15
AGR,NYSE,68562,CFRA,AGR,NYSE,2,Coprorate Action Maintained,4,15
TWLO,NYSE,68595,CFRA,TWLO,NYSE,2,Coprorate Action Maintained,4,15
SPGI,NYSE,68596,CFRA,SPGI,NYSE,2,Coprorate Action Maintained,4,15
AC,NYSE,68605,CFRA,AC,NYSE,2,Coprorate Action Maintained,4,15
TDOC,NYSE,68607,CFRA,TDOC,NYSE,2,Coprorate Action Maintained,4,15
PSTG,NYSE,68618,CFRA,PSTG,NYSE,2,Coprorate Action Maintained,4,15
FTV,NYSE,68621,CFRA,FTV,NYSE,2,Coprorate Action Maintained,4,15
SQ,NYSE,68629,CFRA,SQ,NYSE,2,Coprorate Action Maintained,4,15
PFGC,NYSE,68632,CFRA,PFGC,NYSE,2,Coprorate Action Maintained,4,15
SUM,NYSE,68635,CFRA,SUM,NYSE,2,Coprorate Action Maintained,4,15
CC,NYSE,68642,CFRA,CC,NYSE,2,Coprorate Action Maintained,4,15
ETSY,NasdaqGS,68672,CFRA,ETSY,NASDAQ,1,Coprorate Action Maintained,4,15
RUN,NasdaqGS,68726,CFRA,RUN,NASDAQ,1,Coprorate Action Maintained,4,15
TEAM,NasdaqGS,68765,CFRA,TEAM,NASDAQ,1,Coprorate Action Maintained,2,15
INFO,NYSE,68786,CFRA,INFO,NYSE,2,Coprorate Action Maintained,4,15
SHOP,NYSE,68798,CFRA,SHOP,NYSE,2,Coprorate Action Maintained,2,15
USFD,NYSE,68816,CFRA,USFD,NYSE,2,Coprorate Action Maintained,4,15
ADNT,NYSE,68822,CFRA,ADNT,NYSE,2,Coprorate Action Maintained,4,15
UAA,NYSE,68824,CFRA,UAA,NYSE,2,Coprorate Action Maintained,4,15
ZG,NasdaqGS,68836,CFRA,ZG,NASDAQ,1,Coprorate Action Maintained,4,15
NTNX,NasdaqGS,68838,CFRA,NTNX,NASDAQ,1,Coprorate Action Maintained,4,15
HUBB,NYSE,68840,CFRA,HUBB,NYSE,2,Coprorate Action Maintained,4,15
VVV,NYSE,68841,CFRA,VVV,NYSE,2,Coprorate Action Maintained,4,15
YUMC,NYSE,68842,CFRA,YUMC,NYSE,2,Coprorate Action Maintained,4,15
CNDT,NasdaqGS,68849,CFRA,CNDT,NASDAQ,1,Coprorate Action Maintained,4,15
TTD,NasdaqGS,68894,CFRA,TTD,NASDAQ,1,Coprorate Action Maintained,4,15
AMN,NYSE,68898,CFRA,AMN,NYSE,2,Coprorate Action Maintained,4,15
SNAP,NYSE,68937,CFRA,SNAP,NYSE,2,Coprorate Action Maintained,4,15
RELX,NYSE,68943,CFRA,RELX,NYSE,2,Coprorate Action Maintained,2,15
RACE,NYSE,68985,CFRA,RACE,NYSE,2,Coprorate Action Maintained,2,15
SR,NYSE,68991,CFRA,SR,NYSE,2,Coprorate Action Maintained,4,15
COUP,NasdaqGS,69021,CFRA,COUP,NASDAQ,1,Coprorate Action Maintained,4,15
DXC,NYSE,69024,CFRA,DXC,NYSE,2,Coprorate Action Maintained,4,15
INVH,NYSE,69042,CFRA,INVH,NYSE,2,Coprorate Action Maintained,4,15
LW,NYSE,69050,CFRA,LW,NYSE,2,Coprorate Action Maintained,4,15
NOVN,NasdaqGS,69085,CFRA,NOVN,NASDAQ,1,Coprorate Action Maintained,4,15
PK,NYSE,69112,CFRA,PK,NYSE,2,Coprorate Action Maintained,4,15
CVNA,NYSE,69132,CFRA,CVNA,NYSE,2,Coprorate Action Maintained,4,15
GOOS,NYSE,69173,CFRA,GOOS,NYSE,2,Coprorate Action Maintained,2,15
APPN,NasdaqGS,69226,CFRA,APPN,NASDAQ,1,Coprorate Action Maintained,4,15
ATUS,NYSE,69228,CFRA,ATUS,NYSE,2,Coprorate Action Maintained,4,15
JHG,NYSE,69275,CFRA,JHG,NYSE,2,Coprorate Action Maintained,4,15
RDFN,NasdaqGS,69285,CFRA,RDFN,NASDAQ,1,Coprorate Action Maintained,4,15
BKR,NYSE,69316,CFRA,BKR,NYSE,2,Coprorate Action Maintained,4,15
ROKU,NasdaqGS,69342,CFRA,ROKU,NASDAQ,1,Coprorate Action Maintained,4,15
VST,NYSE,69347,CFRA,VST,NYSE,2,Coprorate Action Maintained,4,15
IQV,NYSE,69376,CFRA,IQV,NYSE,2,Coprorate Action Maintained,4,15
NTR,NYSE,69436,CFRA,NTR,NYSE,2,Coprorate Action Maintained,2,15
APTV,NYSE,69465,CFRA,APTV,NYSE,2,Coprorate Action Maintained,4,15
DBX,NasdaqGS,69543,CFRA,DBX,NASDAQ,1,Coprorate Action Maintained,4,15
SPOT,NYSE,69562,CFRA,SPOT,NYSE,2,Coprorate Action Maintained,2,15
CDAY,NYSE,69571,CFRA,CDAY,NYSE,2,Coprorate Action Maintained,4,15
DOCU,NasdaqGS,69574,CFRA,DOCU,NASDAQ,1,Coprorate Action Maintained,4,15
INSP,NYSE,69579,CFRA,INSP,NYSE,2,Coprorate Action Maintained,4,15
EQH,NYSE,69630,CFRA,EQH,NYSE,2,Coprorate Action Maintained,4,15
BJ,NYSE,69680,CFRA,BJ,NYSE,2,Coprorate Action Maintained,4,15
ARLO,NYSE,69726,CFRA,ARLO,NYSE,2,Coprorate Action Maintained,4,15
EVRG,NYSE,69740,CFRA,EVRG,NYSE,2,Coprorate Action Maintained,4,15
NXGN,NasdaqGS,69749,CFRA,NXGN,NASDAQ,1,Coprorate Action Maintained,4,15
GH,NasdaqGS,69811,CFRA,GH,NASDAQ,1,Coprorate Action Maintained,4,15
LTHM,NYSE,69825,CFRA,LTHM,NYSE,2,Coprorate Action Maintained,4,15
PLAN,NYSE,69827,CFRA,PLAN,NYSE,2,Coprorate Action Maintained,4,15
CCEP,NasdaqGS,69855,CFRA,CCEP,NASDAQ,1,Coprorate Action Maintained,2,15
ACA,NYSE,69859,CFRA,ACA,NYSE,2,Coprorate Action Maintained,4,15
LIN,NYSE,69864,CFRA,LIN,NYSE,2,Coprorate Action Maintained,4,15
MRNA,NasdaqGS,69892,CFRA,MRNA,NASDAQ,1,Coprorate Action Maintained,4,15
DELL,NYSE,69900,CFRA,DELL,NYSE,2,Coprorate Action Maintained,4,15
CPRI,NYSE,69902,CFRA,CPRI,NYSE,2,Coprorate Action Maintained,4,15
NFE,NasdaqGS,69926,CFRA,NFE,NASDAQ,1,Coprorate Action Maintained,4,15
LYFT,NasdaqGS,71617,CFRA,LYFT,NASDAQ,1,Coprorate Action Maintained,4,15
DOW,NYSE,71639,CFRA,DOW,NYSE,2,Coprorate Action Maintained,4,15
BYND,NasdaqGS,71673,CFRA,BYND,NASDAQ,1,Coprorate Action Maintained,4,15
UBER,NYSE,71692,CFRA,UBER,NYSE,2,Coprorate Action Maintained,4,15
ZM,NasdaqGS,71694,CFRA,ZM,NASDAQ,1,Coprorate Action Maintained,4,15
PINS,NYSE,71696,CFRA,PINS,NYSE,2,Coprorate Action Maintained,4,15
AVTR,NYSE,71706,CFRA,AVTR,NYSE,2,Coprorate Action Maintained,4,15
TME,NYSE,71719,CFRA,TME,NYSE,2,Coprorate Action Maintained,2,15
CTVA,NYSE,71720,CFRA,CTVA,NYSE,2,Coprorate Action Maintained,4,15
AMCR,NYSE,71722,CFRA,AMCR,NYSE,2,Coprorate Action Maintained,4,15
CHWY,NYSE,71727,CFRA,CHWY,NYSE,2,Coprorate Action Maintained,4,15
IAA,NYSE,71745,CFRA,IAA,NYSE,2,Coprorate Action Maintained,4,15
FOXA,NasdaqGS,71785,CFRA,FOXA,NASDAQ,1,Coprorate Action Maintained,4,15
VIAC,NasdaqGS,76385,CFRA,VIAC,NASDAQ,1,Coprorate Action Maintained,4,15
APA,NasdaqGS,82799,CFRA,APA,NASDAQ,1,Coprorate Action Maintained,4,15
CARR,NYSE,82800,CFRA,CARR,NYSE,2,Coprorate Action Maintained,4,15
STZ,NYSE,82801,CFRA,STZ,NYSE,2,Coprorate Action Maintained,4,15
HWM,NYSE,82802,CFRA,HWM,NYSE,2,Coprorate Action Maintained,4,15
OTIS,NYSE,82803,CFRA,OTIS,NYSE,2,Coprorate Action Maintained,4,15
TT,NYSE,82804,CFRA,TT,NYSE,2,Coprorate Action Maintained,4,15
RTX,NYSE,82805,CFRA,RTX,NYSE,2,Coprorate Action Maintained,4,15
TXG,NasdaqGS,83088,CFRA,TXG,NASDAQ,1,Coprorate Action Maintained,4,15
PFC,NasdaqGS,83094,CFRA,PFC,NASDAQ,1,Coprorate Action Maintained,4,15
PTON,NasdaqGS,83102,CFRA,PTON,NASDAQ,1,Coprorate Action Maintained,4,15
NCNO,NasdaqGS,83253,CFRA,NCNO,NASDAQ,1,Coprorate Action Maintained,4,15
DKNG,NasdaqGS,83319,CFRA,DKNG,NASDAQ,1,Coprorate Action Maintained,4,15
FROG,NasdaqGS,83330,CFRA,FROG,NASDAQ,1,Coprorate Action Maintained,4,15
RKT,NYSE,83337,CFRA,RKT,NYSE,2,Coprorate Action Maintained,4,15
ACI,NYSE,83343,CFRA,ACI,NYSE,2,Coprorate Action Maintained,4,15
AMWL,NYSE,83357,CFRA,AMWL,NYSE,2,Coprorate Action Maintained,4,15
SNOW,NYSE,83358,CFRA,SNOW,NYSE,2,Coprorate Action Maintained,4,15
GDRX,NasdaqGS,84086,CFRA,GDRX,NASDAQ,1,Coprorate Action Maintained,4,15
AZN,NasdaqGS,84098,CFRA,AZN,NASDAQ,1,Coprorate Action Maintained,2,15
AEP,NasdaqGS,84099,CFRA,AEP,NASDAQ,1,Coprorate Action Maintained,4,15
KDP,NasdaqGS,84101,CFRA,KDP,NASDAQ,1,Coprorate Action Maintained,4,15
DASH,NYSE,84916,CFRA,DASH,NYSE,2,Coprorate Action Maintained,4,15
VTRS,NasdaqGS,84923,CFRA,VTRS,NASDAQ,1,Coprorate Action Maintained,4,15
NKLA,NasdaqGS,84924,CFRA,NKLA,NASDAQ,1,Coprorate Action Maintained,4,15
WTRG,NYSE,84925,CFRA,WTRG,NYSE,2,Coprorate Action Maintained,4,15
LUMN,NYSE,84927,CFRA,LUMN,NYSE,2,Coprorate Action Maintained,4,15
MMP,NYSE,84931,CFRA,MMP,NYSE,2,Coprorate Action Maintained,4,15
EPD,NYSE,84933,CFRA,EPD,NYSE,2,Coprorate Action Maintained,4,15
HST,NasdaqGS,84936,CFRA,HST,NASDAQ,1,Coprorate Action Maintained,4,15
ABNB,NasdaqGS,86750,CFRA,ABNB,NASDAQ,1,Coprorate Action Maintained,4,15
OPEN,NasdaqGS,86802,CFRA,OPEN,NASDAQ,1,Coprorate Action Maintained,4,15
AI,NYSE,86822,CFRA,AI,NYSE,2,Coprorate Action Maintained,4,15
RBLX,NYSE,113804,CFRA,RBLX,NYSE,2,Coprorate Action Maintained,4,15
MP,NYSE,113942,CFRA,MP,NYSE,2,Coprorate Action Maintained,4,15
OTLY,NasdaqGS,120068,CFRA,OTLY,NASDAQ,1,Coprorate Action Maintained,2,15
COIN,NasdaqGS,120122,CFRA,COIN,NASDAQ,1,Coprorate Action Maintained,4,15
FSR,NYSE,120221,CFRA,FSR,NYSE,2,Coprorate Action Maintained,4,15
SNY,NasdaqGS,120680,CFRA,SNY,NASDAQ,1,Coprorate Action Maintained,2,15
NWG,NYSE,120683,CFRA,NWG,NYSE,2,Coprorate Action Maintained,2,15
NS,NYSE,120732,CFRA,NS,NYSE,2,Coprorate Action Maintained,4,15
PAA,NasdaqGS,120739,CFRA,PAA,NASDAQ,1,Coprorate Action Maintained,4,15
AB,NYSE,120748,CFRA,AB,NYSE,2,Coprorate Action Maintained,4,15
LCID,NasdaqGS,120784,CFRA,LCID,NASDAQ,1,Coprorate Action Maintained,4,15
SBNY,NasdaqGS,134664,CFRA,SBNY,NASDAQ,1,Coprorate Action Maintained,4,15
GOOG,NasdaqGS,135030,CFRA,GOOG,NASDAQ,1,Coprorate Action Maintained,4,15
MLKN,NasdaqGS,47024,CFRA,MLKN,NASDAQ,1,Coprorate Action Maintained,4,15
BHP,NYSE,43077,CFRA,BHP,NYSE,2,Coprorate Action Maintained,2,15
AMOV,NYSE,45536,CFRA,AMOV,NYSE,2,Coprorate Action Maintained,2,15
WOLF,NasdaqGS,46008,CFRA,WOLF,NASDAQ,1,Coprorate Action Maintained,4,15
MNDT,NasdaqGS,46334,CFRA,MNDT,NASDAQ,1,Coprorate Action Maintained,4,15
LGF.B,NYSE,68833,CFRA,LGF.B,NYSE,2,Coprorate Action Maintained,4,15